{
    "Description": "F24562665B",
    "ReferenceAtCustomer": "MHDD4037ED",
    "Delivery": "2023-12-27",
    "OrderQuantity": 500,
    "Quantity_per_roll": "",
    "UnitPrice": 36.31,
    "SupplierId": "Drukwerkdeal",
    "Name": "Walst",
    "Street": "Outerlant 6",
    "Country": "NL",
    "PostalCode": "1921 WK",
    "City": "Akersloot",
    "Contacts": [
        {
            "LastName": "Walst",
            "FirstName": "Werner",
            "Initials": "",
            "Title": "",
            "PhoneNumber": "+31651683550",
            "FaxNumber": "",
            "GSMNumber": "",
            "Email": "info@walstrc.nl",
            "Function": ""
        }
    ],
    "Width": "50,0",
    "Height": "30,0",
    "Shape": "Oval",
    "Winding": 3,
    "Radius": 0,
    "Premium_White": "N",
    "Substrate": "Adhesive Label Paper White Gloss",
    "Adhesive": "Removable Adhesive Glue",
    "LineComment1": "deze informatie komt via Switch uit de xml van drukwerkdeal."
}