{
    "Description": "F13AG12HEG",
    "ReferenceAtCustomer": "M022D74HFA",
    "Delivery": "2023-12-21",
    "OrderQuantity": 250,
    "Quantity_per_roll": "",
    "UnitPrice": 41.04,
    "SupplierId": "Drukwerkdeal",
    "Name": "Jonie Lomans",
    "Street": "ECI 13",
    "Country": "NL",
    "PostalCode": "6041MA",
    "City": "Roermond",
    "Contacts": [
        {
            "LastName": "Jonie Lomans",
            "FirstName": "ECI Cultuurfabriek",
            "Initials": "",
            "Title": "",
            "PhoneNumber": "+31475317171",
            "FaxNumber": "",
            "GSMNumber": "",
            "Email": "factuur@ECIcultuurfabriek.nl",
            "Function": ""
        }
    ],
    "Width": "98,0",
    "Height": "98,0",
    "Shape": "Square",
    "Winding": 2,
    "Radius": 2,
    "Premium_White": "N",
    "Substrate": "Adhesive Label Paper Fluor Yellow",
    "Adhesive": "Permanent",
    "LineComment1": "deze informatie komt via Switch uit de xml van drukwerkdeal."
}