{
    "Description": "FE7599307C",
    "ReferenceAtCustomer": "MD800321GA",
    "Delivery": "2023-12-20",
    "OrderQuantity": 500,
    "Quantity_per_roll": "",
    "UnitPrice": 35.09,
    "SupplierId": "Drukwerkdeal",
    "Name": "van Heusden",
    "Street": "Achter 't Bos Achter 't Bos",
    "Country": "NL",
    "PostalCode": "4695 GC",
    "City": "Sint Maartensdijk",
    "Contacts": [
        {
            "LastName": "van Heusden",
            "FirstName": "Paul",
            "Initials": "",
            "Title": "",
            "PhoneNumber": "+31612260275",
            "FaxNumber": "",
            "GSMNumber": "",
            "Email": "solarhomeservice@gmail.com",
            "Function": ""
        }
    ],
    "Width": "30,0",
    "Height": "30,0",
    "Shape": "Square",
    "Winding": 1,
    "Radius": 2,
    "Premium_White": "N",
    "Substrate": "Adhesive Label Paper White Gloss",
    "Adhesive": "Permanent",
    "LineComment1": "deze informatie komt via Switch uit de xml van drukwerkdeal."
}