{
    "Description": "F6D95CCE16",
    "ReferenceAtCustomer": "M190C9F539",
    "Delivery": "2023-12-15",
    "OrderQuantity": 500,
    "Quantity_per_roll": "",
    "UnitPrice": 42.79,
    "SupplierId": "Drukwerkdeal",
    "Name": "Manuel",
    "Street": "Hofplein 20",
    "Country": "NL",
    "PostalCode": "3032AC",
    "City": "Rotterdam",
    "Contacts": [
        {
            "LastName": "Manuel",
            "FirstName": "Christian",
            "Initials": "",
            "Title": "",
            "PhoneNumber": "+31624627344",
            "FaxNumber": "",
            "GSMNumber": "",
            "Email": "christiandavidmanuel@gmail.com",
            "Function": ""
        }
    ],
    "Width": "75,0",
    "Height": "75,0",
    "Shape": "Circle",
    "Winding": 2,
    "Radius": 0,
    "Premium_White": "N",
    "Substrate": "Adhesive Label Paper White Gloss",
    "Adhesive": "Permanent",
    "LineComment1": "deze informatie komt via Switch uit de xml van drukwerkdeal."
}