{
    "Description": "FA40E07504",
    "ReferenceAtCustomer": "MBBH6CG599",
    "Delivery": "2023-12-26",
    "OrderQuantity": 1000,
    "Quantity_per_roll": "",
    "UnitPrice": 43.9,
    "SupplierId": "Drukwerkdeal",
    "Name": "Poppe",
    "Street": "Sint Pietersnieuwstraat 9",
    "Country": "BE",
    "PostalCode": "9000",
    "City": "Gent",
    "Contacts": [
        {
            "LastName": "Poppe",
            "FirstName": "Jef",
            "Initials": "",
            "Title": "",
            "PhoneNumber": "+32476690360",
            "FaxNumber": "",
            "GSMNumber": "",
            "Email": "gent@ba-bu.be",
            "Function": ""
        }
    ],
    "Width": "45,0",
    "Height": "45,0",
    "Shape": "Circle",
    "Winding": 2,
    "Radius": 0,
    "Premium_White": "N",
    "Substrate": "Adhesive Polyethylene (pe) Clear Gloss",
    "Adhesive": "Permanent",
    "LineComment1": "deze informatie komt via Switch uit de xml van drukwerkdeal."
}