{
    "Description": "F9AB6HA7ED",
    "ReferenceAtCustomer": "M2HD74HH3B",
    "Delivery": "2023-12-20",
    "OrderQuantity": 500,
    "Quantity_per_roll": "",
    "UnitPrice": 49.97,
    "SupplierId": "Drukwerkdeal",
    "Name": "de Jong",
    "Street": "Jan van der Heydenstraat 70",
    "Country": "NL",
    "PostalCode": "2665 JB",
    "City": "Bleiswijk",
    "Contacts": [
        {
            "LastName": "de Jong",
            "FirstName": "Karin",
            "Initials": "",
            "Title": "",
            "PhoneNumber": "+31612424573",
            "FaxNumber": "",
            "GSMNumber": "",
            "Email": "info@young4styling.nl",
            "Function": ""
        }
    ],
    "Width": "250,0",
    "Height": "45,0",
    "Shape": "Rectangle",
    "Winding": 3,
    "Radius": 2,
    "Premium_White": "N",
    "Substrate": "Adhesive Label Paper White Gloss",
    "Adhesive": "Removable Adhesive Glue",
    "LineComment1": "deze informatie komt via Switch uit de xml van drukwerkdeal."
}