{
    "Description": "F5CFA52D9F",
    "ReferenceAtCustomer": "M3H01CHAAG",
    "Delivery": "2023-12-22",
    "OrderQuantity": 250,
    "Quantity_per_roll": "",
    "UnitPrice": 36.55,
    "SupplierId": "Drukwerkdeal",
    "Name": "Elisabeth Grotenhuis",
    "Street": "Haarlemmerdijk 128",
    "Country": "NL",
    "PostalCode": "1013JJ",
    "City": "Amsterdam",
    "Contacts": [
        {
            "LastName": "Elisabeth Grotenhuis",
            "FirstName": "Team Haarlemmerdijk",
            "Initials": "",
            "Title": "",
            "PhoneNumber": "+31 88 88 55 222",
            "FaxNumber": "",
            "GSMNumber": "",
            "Email": null,
            "Function": ""
        }
    ],
    "Width": "60,0",
    "Height": "60,0",
    "Shape": "Circle",
    "Winding": 2,
    "Radius": 0,
    "Premium_White": "N",
    "Substrate": "Adhesive Label Paper White Gloss",
    "Adhesive": "Permanent",
    "LineComment1": "deze informatie komt via Switch uit de xml van drukwerkdeal."
}