{
    "Description": "FAAF886101",
    "ReferenceAtCustomer": "MZ4HE058H7",
    "Delivery": "2023-12-26",
    "OrderQuantity": 2000,
    "Quantity_per_roll": "",
    "UnitPrice": 47.11,
    "SupplierId": "Drukwerkdeal",
    "Name": "KOEN BOGAERT",
    "Street": "BERG 26",
    "Country": "BE",
    "PostalCode": "9860",
    "City": "OOSTERZELE",
    "Contacts": [
        {
            "LastName": "KOEN BOGAERT",
            "FirstName": "BOGAERT bvba",
            "Initials": "",
            "Title": "",
            "PhoneNumber": "+3293626361",
            "FaxNumber": "",
            "GSMNumber": "",
            "Email": "fakturatie@boomkwekerij-bogaert.be",
            "Function": ""
        }
    ],
    "Width": "40,0",
    "Height": "40,0",
    "Shape": "Circle",
    "Winding": 2,
    "Radius": 0,
    "Premium_White": "N",
    "Substrate": "Adhesive Label Paper White Matt",
    "Adhesive": "Removable Adhesive Glue",
    "LineComment1": "deze informatie komt via Switch uit de xml van drukwerkdeal."
}