{
    "Description": "FF1CFD42HE",
    "ReferenceAtCustomer": "M32ABECF85",
    "Delivery": "2023-12-26",
    "OrderQuantity": 4000,
    "Quantity_per_roll": "",
    "UnitPrice": 49.7,
    "SupplierId": "Drukwerkdeal",
    "Name": "Vriens",
    "Street": "Steenweg 3 Unit 405",
    "Country": "BE",
    "PostalCode": "3540",
    "City": "Herk-de-Stad",
    "Contacts": [
        {
            "LastName": "Vriens",
            "FirstName": "An",
            "Initials": "",
            "Title": "",
            "PhoneNumber": "+3213353610",
            "FaxNumber": "",
            "GSMNumber": "",
            "Email": "invoice_belgium@orasgroup.com",
            "Function": ""
        }
    ],
    "Width": "30,0",
    "Height": "30,0",
    "Shape": "Square",
    "Winding": 2,
    "Radius": 2,
    "Premium_White": "N",
    "Substrate": "Adhesive Label Paper White Matt",
    "Adhesive": "Permanent",
    "LineComment1": "deze informatie komt via Switch uit de xml van drukwerkdeal."
}