{
    "Description": "F66149BE9D",
    "ReferenceAtCustomer": "MG407G7GC0",
    "Delivery": "2023-12-20",
    "OrderQuantity": 100,
    "Quantity_per_roll": "",
    "UnitPrice": 34.4,
    "SupplierId": "Drukwerkdeal",
    "Name": "van Lierop",
    "Street": "Beemdweg 15",
    "Country": "NL",
    "PostalCode": "5705BJ",
    "City": "HELMOND",
    "Contacts": [
        {
            "LastName": "van Lierop",
            "FirstName": "Johan",
            "Initials": "",
            "Title": "",
            "PhoneNumber": "0619406661",
            "FaxNumber": "",
            "GSMNumber": "",
            "Email": "info@webevolution.nl",
            "Function": ""
        }
    ],
    "Width": "48,0",
    "Height": "70,0",
    "Shape": "Oval",
    "Winding": 2,
    "Radius": 0,
    "Premium_White": "N",
    "Substrate": "Adhesive Label Paper White Gloss",
    "Adhesive": "Permanent",
    "LineComment1": "deze informatie komt via Switch uit de xml van drukwerkdeal."
}