{
    "Description": "FD8FDEHF8G",
    "ReferenceAtCustomer": "M80B7B2737",
    "Delivery": "2023-12-20",
    "OrderQuantity": 100,
    "Quantity_per_roll": "",
    "UnitPrice": 34.31,
    "SupplierId": "Drukwerkdeal",
    "Name": "Bleeker",
    "Street": "Middenweg 408",
    "Country": "NL",
    "PostalCode": "1704BJ",
    "City": "Heerhugowaard",
    "Contacts": [
        {
            "LastName": "Bleeker",
            "FirstName": "Miranda",
            "Initials": "",
            "Title": "",
            "PhoneNumber": "+31616503072",
            "FaxNumber": "",
            "GSMNumber": "",
            "Email": "miranda@in2cats.nl",
            "Function": ""
        }
    ],
    "Width": "50,0",
    "Height": "50,0",
    "Shape": "Square",
    "Winding": 2,
    "Radius": 2,
    "Premium_White": "N",
    "Substrate": "Adhesive Label Paper Silver Gloss",
    "Adhesive": "Permanent",
    "LineComment1": "deze informatie komt via Switch uit de xml van drukwerkdeal."
}