{
    "Description": "FG30D13E67",
    "ReferenceAtCustomer": "MDAAB0A905",
    "Delivery": "2023-12-22",
    "OrderQuantity": 500,
    "Quantity_per_roll": "",
    "UnitPrice": 36.53,
    "SupplierId": "Drukwerkdeal",
    "Name": "van Liere",
    "Street": "Hoofdstraat 47",
    "Country": "NL",
    "PostalCode": "4441AA",
    "City": "Ovezande",
    "Contacts": [
        {
            "LastName": "van Liere",
            "FirstName": "Toby",
            "Initials": "",
            "Title": "",
            "PhoneNumber": "+31113655289",
            "FaxNumber": "",
            "GSMNumber": "",
            "Email": "supermarktovezande@outlook.com",
            "Function": ""
        }
    ],
    "Width": "40,0",
    "Height": "40,0",
    "Shape": "Circle",
    "Winding": 2,
    "Radius": 0,
    "Premium_White": "N",
    "Substrate": "Adhesive Label Paper White Gloss",
    "Adhesive": "Permanent",
    "LineComment1": "deze informatie komt via Switch uit de xml van drukwerkdeal."
}