{
    "Description": "FA4HF40F7B",
    "ReferenceAtCustomer": "MDBH2C8DG6",
    "Delivery": "2023-12-21",
    "OrderQuantity": 5000,
    "Quantity_per_roll": "",
    "UnitPrice": 62.0,
    "SupplierId": "Drukwerkdeal",
    "Name": "Communicatie VGGM",
    "Street": "Rietgrachtstraat 49",
    "Country": "NL",
    "PostalCode": "6828KB",
    "City": "Arnhem",
    "Contacts": [
        {
            "LastName": "Communicatie VGGM",
            "FirstName": "VGGM",
            "Initials": "",
            "Title": "",
            "PhoneNumber": "+31883555360",
            "FaxNumber": "",
            "GSMNumber": "",
            "Email": "factuur@vggm.nl",
            "Function": ""
        }
    ],
    "Width": "50,0",
    "Height": "25,0",
    "Shape": "Rectangle",
    "Winding": 2,
    "Radius": 2,
    "Premium_White": "N",
    "Substrate": "Adhesive Label Paper White Gloss",
    "Adhesive": "Permanent",
    "LineComment1": "deze informatie komt via Switch uit de xml van drukwerkdeal."
}