{
    "Description": "F4B1368EE9",
    "ReferenceAtCustomer": "MH4DB68DBG",
    "Delivery": "2023-12-27",
    "OrderQuantity": 1000,
    "Quantity_per_roll": "",
    "UnitPrice": 40.05,
    "SupplierId": "Drukwerkdeal",
    "Name": "Academy",
    "Street": "de Kronkels 5-A",
    "Country": "NL",
    "PostalCode": "3752 LM",
    "City": "Bunschoten-Spakenburg",
    "Contacts": [
        {
            "LastName": "Academy",
            "FirstName": "Into",
            "Initials": "",
            "Title": "",
            "PhoneNumber": "+31627011441",
            "FaxNumber": "",
            "GSMNumber": "",
            "Email": "facturen@intoacademy.nl",
            "Function": ""
        }
    ],
    "Width": "40,0",
    "Height": "40,0",
    "Shape": "Circle",
    "Winding": 2,
    "Radius": 0,
    "Premium_White": "N",
    "Substrate": "Adhesive Label Paper White Gloss",
    "Adhesive": "Permanent",
    "LineComment1": "deze informatie komt via Switch uit de xml van drukwerkdeal."
}