{
    "Description": "FH2FC3A124",
    "ReferenceAtCustomer": "M37D19F163",
    "Delivery": "2023-12-21",
    "OrderQuantity": 10000,
    "Quantity_per_roll": "",
    "UnitPrice": 174.98,
    "SupplierId": "Drukwerkdeal",
    "Name": "Ghannoun",
    "Street": "Overtoom 97 47",
    "Country": "NL",
    "PostalCode": "1054Hd",
    "City": "Amsterdam",
    "Contacts": [
        {
            "LastName": "Ghannoun",
            "FirstName": "Yessin",
            "Initials": "",
            "Title": "",
            "PhoneNumber": "+31641111153",
            "FaxNumber": "",
            "GSMNumber": "",
            "Email": "Take_a_wok@hotmail.com",
            "Function": ""
        }
    ],
    "Width": "60,0",
    "Height": "60,0",
    "Shape": "Circle",
    "Winding": 2,
    "Radius": 0,
    "Premium_White": "N",
    "Substrate": "Adhesive Label Paper White Gloss",
    "Adhesive": "Permanent",
    "LineComment1": "deze informatie komt via Switch uit de xml van drukwerkdeal."
}