{
    "Description": "F5135C4B90",
    "ReferenceAtCustomer": "M13D44G9E1",
    "Delivery": "2023-12-21",
    "OrderQuantity": 500,
    "Quantity_per_roll": "",
    "UnitPrice": 40.25,
    "SupplierId": "Drukwerkdeal",
    "Name": "Daniel Tang",
    "Street": "Euroweg 16",
    "Country": "NL",
    "PostalCode": "2988CM",
    "City": "Ridderkerk",
    "Contacts": [
        {
            "LastName": "Daniel Tang",
            "FirstName": "Deximport BV",
            "Initials": "",
            "Title": "",
            "PhoneNumber": "+31642099938",
            "FaxNumber": "",
            "GSMNumber": "",
            "Email": "daniel@deximport.nl",
            "Function": ""
        }
    ],
    "Width": "105,0",
    "Height": "35,0",
    "Shape": "Rectangle",
    "Winding": 2,
    "Radius": 2,
    "Premium_White": "N",
    "Substrate": "Adhesive Label Paper White Gloss",
    "Adhesive": "Permanent",
    "LineComment1": "deze informatie komt via Switch uit de xml van drukwerkdeal."
}