{
    "Description": "F3C63BAF68",
    "ReferenceAtCustomer": "M3DA3839HC",
    "Delivery": "2023-12-20",
    "OrderQuantity": 250,
    "Quantity_per_roll": "",
    "UnitPrice": 35.72,
    "SupplierId": "Drukwerkdeal",
    "Name": "Bauwens",
    "Street": "Zavelstraat 68",
    "Country": "BE",
    "PostalCode": "9500",
    "City": "Geraardsbergen",
    "Contacts": [
        {
            "LastName": "Bauwens",
            "FirstName": "Peter",
            "Initials": "",
            "Title": "",
            "PhoneNumber": "+32477585009",
            "FaxNumber": "",
            "GSMNumber": "",
            "Email": "info@photology.be",
            "Function": ""
        }
    ],
    "Width": "45,0",
    "Height": "45,0",
    "Shape": "Circle",
    "Winding": 2,
    "Radius": 0,
    "Premium_White": "N",
    "Substrate": "Adhesive Polyethylene (pe) White Matte",
    "Adhesive": "Permanent",
    "LineComment1": "deze informatie komt via Switch uit de xml van drukwerkdeal."
}