{
    "Description": "FD2E9C645H",
    "ReferenceAtCustomer": "M26DC658GH",
    "Delivery": "2023-12-20",
    "OrderQuantity": 250,
    "Quantity_per_roll": "",
    "UnitPrice": 34.31,
    "SupplierId": "Drukwerkdeal",
    "Name": "Leenaars",
    "Street": "Jan in 't Veltstraat Jan in 't Veltstraat",
    "Country": "NL",
    "PostalCode": "1781SE",
    "City": "Den Helder",
    "Contacts": [
        {
            "LastName": "Leenaars",
            "FirstName": "Lisa",
            "Initials": "",
            "Title": "",
            "PhoneNumber": "+31657269875",
            "FaxNumber": "",
            "GSMNumber": "",
            "Email": "leenaarslisa@hotmail.com",
            "Function": ""
        }
    ],
    "Width": "30,0",
    "Height": "30,0",
    "Shape": "Circle",
    "Winding": 2,
    "Radius": 0,
    "Premium_White": "N",
    "Substrate": "Adhesive Label Paper Silver Gloss",
    "Adhesive": "Permanent",
    "LineComment1": "deze informatie komt via Switch uit de xml van drukwerkdeal."
}