{
    "Description": "F3H47468EA",
    "ReferenceAtCustomer": "MZ3G8EG459",
    "Delivery": "2023-12-21",
    "OrderQuantity": 250,
    "Quantity_per_roll": "",
    "UnitPrice": 40.75,
    "SupplierId": "Drukwerkdeal",
    "Name": "Marloes Stobbelaar",
    "Street": "Doornhoek 3880",
    "Country": "NL",
    "PostalCode": "5465TB",
    "City": "Veghel",
    "Contacts": [
        {
            "LastName": "Marloes Stobbelaar",
            "FirstName": "Selected Brewing Ingredients b.v.",
            "Initials": "",
            "Title": "",
            "PhoneNumber": "+31413783880",
            "FaxNumber": "",
            "GSMNumber": "",
            "Email": "marloes@sbi4beer.com",
            "Function": ""
        }
    ],
    "Width": "137,0",
    "Height": "75,0",
    "Shape": "Rectangle",
    "Winding": 2,
    "Radius": 2,
    "Premium_White": "N",
    "Substrate": "Adhesive Label Paper White Gloss",
    "Adhesive": "Permanent",
    "LineComment1": "deze informatie komt via Switch uit de xml van drukwerkdeal."
}