{
    "Description": "FF5BF5GA7E",
    "ReferenceAtCustomer": "M3B2EB7771",
    "Delivery": "2023-12-20",
    "OrderQuantity": 10000,
    "Quantity_per_roll": "",
    "UnitPrice": 122.26,
    "SupplierId": "Drukwerkdeal",
    "Name": "Baars",
    "Street": "Venestraat 56",
    "Country": "NL",
    "PostalCode": "2266BA",
    "City": "Leidschendam",
    "Contacts": [
        {
            "LastName": "Baars",
            "FirstName": "Mark",
            "Initials": "",
            "Title": "",
            "PhoneNumber": "+31703695508",
            "FaxNumber": "",
            "GSMNumber": "",
            "Email": "info@vorza.nl",
            "Function": ""
        }
    ],
    "Width": "45,0",
    "Height": "45,0",
    "Shape": "Circle",
    "Winding": 2,
    "Radius": 0,
    "Premium_White": "N",
    "Substrate": "Adhesive Label Paper White Gloss",
    "Adhesive": "Permanent",
    "LineComment1": "deze informatie komt via Switch uit de xml van drukwerkdeal."
}