{
    "Description": "F908H1HE5B",
    "ReferenceAtCustomer": "M5HH1E6D0H",
    "Delivery": "2023-12-27",
    "OrderQuantity": 250,
    "Quantity_per_roll": "",
    "UnitPrice": 35.23,
    "SupplierId": "Drukwerkdeal",
    "Name": "Weenink",
    "Street": "Frijdastraat 24 A",
    "Country": "NL",
    "PostalCode": "2288EZ",
    "City": "Rijswijk",
    "Contacts": [
        {
            "LastName": "Weenink",
            "FirstName": "Sabine",
            "Initials": "",
            "Title": "",
            "PhoneNumber": "+316 193 740 60",
            "FaxNumber": "",
            "GSMNumber": "",
            "Email": "info@nabijprofessionals.nl",
            "Function": ""
        }
    ],
    "Width": "45,0",
    "Height": "45,0",
    "Shape": "Circle",
    "Winding": 2,
    "Radius": 0,
    "Premium_White": "N",
    "Substrate": "Adhesive Label Paper White Gloss",
    "Adhesive": "Permanent",
    "LineComment1": "deze informatie komt via Switch uit de xml van drukwerkdeal."
}