{
    "Description": "F09H1B2453",
    "ReferenceAtCustomer": "M42GA568H6",
    "Delivery": "2023-12-27",
    "OrderQuantity": 500,
    "Quantity_per_roll": "",
    "UnitPrice": 34.17,
    "SupplierId": "Drukwerkdeal",
    "Name": "van der Lingen",
    "Street": "Industrieweg 41",
    "Country": "NL",
    "PostalCode": "8304AC",
    "City": "Emmeloord",
    "Contacts": [
        {
            "LastName": "van der Lingen",
            "FirstName": "Marieke",
            "Initials": "",
            "Title": "",
            "PhoneNumber": "0123456789",
            "FaxNumber": "",
            "GSMNumber": "",
            "Email": "info@startblock.nl",
            "Function": ""
        }
    ],
    "Width": "20,0",
    "Height": "20,0",
    "Shape": "Circle",
    "Winding": 2,
    "Radius": 0,
    "Premium_White": "N",
    "Substrate": "Paperwise White",
    "Adhesive": "Permanent",
    "LineComment1": "deze informatie komt via Switch uit de xml van drukwerkdeal."
}