{
    "Description": "F90DGCA9B9",
    "ReferenceAtCustomer": "M0BE93H2F8",
    "Delivery": "2023-12-20",
    "OrderQuantity": 8000,
    "Quantity_per_roll": "",
    "UnitPrice": 51.62,
    "SupplierId": "Drukwerkdeal",
    "Name": "Meijer",
    "Street": "Eektestraat 2",
    "Country": "NL",
    "PostalCode": "7575 AP",
    "City": "Oldenzaal",
    "Contacts": [
        {
            "LastName": "Meijer",
            "FirstName": "Jolanda",
            "Initials": "",
            "Title": "",
            "PhoneNumber": "+31541584000",
            "FaxNumber": "",
            "GSMNumber": "",
            "Email": "jolanda.meijer@rhenus.com",
            "Function": ""
        }
    ],
    "Width": "20,0",
    "Height": "20,0",
    "Shape": "Circle",
    "Winding": 2,
    "Radius": 0,
    "Premium_White": "N",
    "Substrate": "Adhesive Label Paper Silver Gloss",
    "Adhesive": "Permanent",
    "LineComment1": "deze informatie komt via Switch uit de xml van drukwerkdeal."
}