{
    "Description": "F3F16HC35A",
    "ReferenceAtCustomer": "M30AB57HE3",
    "Delivery": "2023-12-21",
    "OrderQuantity": 500,
    "Quantity_per_roll": "",
    "UnitPrice": 79.87,
    "SupplierId": "Drukwerkdeal",
    "Name": "bora",
    "Street": "Koekoekslaan 2a",
    "Country": "NL",
    "PostalCode": "3435 CL",
    "City": "Nieuwegein",
    "Contacts": [
        {
            "LastName": "bora",
            "FirstName": "Wilma",
            "Initials": "",
            "Title": "",
            "PhoneNumber": "+31306032971",
            "FaxNumber": "",
            "GSMNumber": "",
            "Email": "facturen@kmi.nl",
            "Function": ""
        }
    ],
    "Width": "210,0",
    "Height": "148,0",
    "Shape": "Rectangle",
    "Winding": 2,
    "Radius": 2,
    "Premium_White": "N",
    "Substrate": "Adhesive Label Paper White Matt",
    "Adhesive": "Removable Adhesive Glue",
    "LineComment1": "deze informatie komt via Switch uit de xml van drukwerkdeal."
}