{
    "Description": "FH0169BDAA",
    "ReferenceAtCustomer": "ME7DCDFA24",
    "Delivery": "2023-12-27",
    "OrderQuantity": 500,
    "Quantity_per_roll": "",
    "UnitPrice": 38.22,
    "SupplierId": "Drukwerkdeal",
    "Name": "van den berk",
    "Street": "Mierloseweg 130 A",
    "Country": "NL",
    "PostalCode": "5707AR",
    "City": "HELMOND",
    "Contacts": [
        {
            "LastName": "van den berk",
            "FirstName": "Peggy",
            "Initials": "",
            "Title": "",
            "PhoneNumber": "0851302212",
            "FaxNumber": "",
            "GSMNumber": "",
            "Email": "p.vandenberk@optimaal-leadgeneratie.nl",
            "Function": ""
        }
    ],
    "Width": "50,0",
    "Height": "50,0",
    "Shape": "Square",
    "Winding": 1,
    "Radius": 2,
    "Premium_White": "N",
    "Substrate": "Adhesive Label Paper White Gloss",
    "Adhesive": "Permanent",
    "LineComment1": "deze informatie komt via Switch uit de xml van drukwerkdeal."
}