{
    "Description": "FF9CG3HA1D",
    "ReferenceAtCustomer": "MBF005162C",
    "Delivery": "2023-12-20",
    "OrderQuantity": 5000,
    "Quantity_per_roll": "",
    "UnitPrice": 77.63,
    "SupplierId": "Drukwerkdeal",
    "Name": "Van Roey",
    "Street": "Franklin Rooseveltplaats 12",
    "Country": "BE",
    "PostalCode": "2060",
    "City": "Antwerpen",
    "Contacts": [
        {
            "LastName": "Van Roey",
            "FirstName": "Grjet",
            "Initials": "",
            "Title": "",
            "PhoneNumber": "0485284333",
            "FaxNumber": "",
            "GSMNumber": "",
            "Email": "Griet.vanroey@standaarduitgeverij.be",
            "Function": ""
        }
    ],
    "Width": "45,0",
    "Height": "45,0",
    "Shape": "Circle",
    "Winding": 2,
    "Radius": 0,
    "Premium_White": "N",
    "Substrate": "Adhesive Label Paper White Gloss",
    "Adhesive": "Removable Adhesive Glue",
    "LineComment1": "deze informatie komt via Switch uit de xml van drukwerkdeal."
}