{
    "Description": "FE2HHC1493",
    "ReferenceAtCustomer": "M083223HC4",
    "Delivery": "2023-12-21",
    "OrderQuantity": 250,
    "Quantity_per_roll": "",
    "UnitPrice": 35.8,
    "SupplierId": "Drukwerkdeal",
    "Name": "haemels",
    "Street": "IJzerenwaag 3",
    "Country": "BE",
    "PostalCode": "2000",
    "City": "Antwerpen",
    "Contacts": [
        {
            "LastName": "haemels",
            "FirstName": "nick",
            "Initials": "",
            "Title": "",
            "PhoneNumber": "0474466533",
            "FaxNumber": "",
            "GSMNumber": "",
            "Email": "nick.haemels@gmail.com",
            "Function": ""
        }
    ],
    "Width": "45,0",
    "Height": "45,0",
    "Shape": "Circle",
    "Winding": 2,
    "Radius": 0,
    "Premium_White": "N",
    "Substrate": "Adhesive Label Paper Silver Gloss",
    "Adhesive": "Permanent",
    "LineComment1": "deze informatie komt via Switch uit de xml van drukwerkdeal."
}