{
    "Description": "FA51B7D3D8",
    "ReferenceAtCustomer": "M3B936F846",
    "Delivery": "2023-12-21",
    "OrderQuantity": 250,
    "Quantity_per_roll": "",
    "UnitPrice": 35.23,
    "SupplierId": "Drukwerkdeal",
    "Name": "Nieuwdorp-Kroos",
    "Street": "Harderwijkerweg 170",
    "Country": "NL",
    "PostalCode": "6952AN",
    "City": "DIEREN",
    "Contacts": [
        {
            "LastName": "Nieuwdorp-Kroos",
            "FirstName": "Loes",
            "Initials": "",
            "Title": "",
            "PhoneNumber": "+31628830178",
            "FaxNumber": "",
            "GSMNumber": "",
            "Email": "loes@wesellstories.nl",
            "Function": ""
        }
    ],
    "Width": "40,0",
    "Height": "40,0",
    "Shape": "Circle",
    "Winding": 2,
    "Radius": 0,
    "Premium_White": "N",
    "Substrate": "Paperwise White",
    "Adhesive": "Permanent",
    "LineComment1": "deze informatie komt via Switch uit de xml van drukwerkdeal."
}