{
    "Description": "F66FGF7CB2",
    "ReferenceAtCustomer": "MAE8EFBDEF",
    "Delivery": "2023-12-22",
    "OrderQuantity": 500,
    "Quantity_per_roll": "",
    "UnitPrice": 36.31,
    "SupplierId": "Drukwerkdeal",
    "Name": "de Winter",
    "Street": "Langestraat 137",
    "Country": "NL",
    "PostalCode": "2691BD",
    "City": "'s-Gravenzande",
    "Contacts": [
        {
            "LastName": "de Winter",
            "FirstName": "Dennis",
            "Initials": "",
            "Title": "",
            "PhoneNumber": "+31641708355",
            "FaxNumber": "",
            "GSMNumber": "",
            "Email": "info@chapter-armada.nl",
            "Function": ""
        }
    ],
    "Width": "30,0",
    "Height": "50,0",
    "Shape": "Oval",
    "Winding": 2,
    "Radius": 0,
    "Premium_White": "N",
    "Substrate": "Adhesive Label Paper White Matt",
    "Adhesive": "Removable Adhesive Glue",
    "LineComment1": "deze informatie komt via Switch uit de xml van drukwerkdeal."
}