{
    "Description": "F4887EFA2G",
    "ReferenceAtCustomer": "MZBEE2874B",
    "Delivery": "2023-12-21",
    "OrderQuantity": 500,
    "Quantity_per_roll": "",
    "UnitPrice": 35.78,
    "SupplierId": "Drukwerkdeal",
    "Name": "Pierre",
    "Street": "Avenue Lavoisier 18b",
    "Country": "BE",
    "PostalCode": "1300",
    "City": "Wavre",
    "Contacts": [
        {
            "LastName": "Pierre",
            "FirstName": "Dominique",
            "Initials": "",
            "Title": "",
            "PhoneNumber": "+32474967172",
            "FaxNumber": "",
            "GSMNumber": "",
            "Email": "info@infowavre.be",
            "Function": ""
        }
    ],
    "Width": "40,0",
    "Height": "30,0",
    "Shape": "Rectangle",
    "Winding": 2,
    "Radius": 2,
    "Premium_White": "N",
    "Substrate": "Adhesive Label Paper White Matt",
    "Adhesive": "Removable Adhesive Glue",
    "LineComment1": "deze informatie komt via Switch uit de xml van drukwerkdeal."
}