{
    "Description": "FH08F06605",
    "ReferenceAtCustomer": "MA4E96DDAH",
    "Delivery": "2023-12-22",
    "OrderQuantity": 3000,
    "Quantity_per_roll": "",
    "UnitPrice": 50.4,
    "SupplierId": "Drukwerkdeal",
    "Name": "Picqueur",
    "Street": "Modernadreef 32",
    "Country": "BE",
    "PostalCode": "9100",
    "City": "Sint-Niklaas",
    "Contacts": [
        {
            "LastName": "Picqueur",
            "FirstName": "Renaat",
            "Initials": "",
            "Title": "",
            "PhoneNumber": "+32473948500",
            "FaxNumber": "",
            "GSMNumber": "",
            "Email": "project.malawi@telenet.be",
            "Function": ""
        }
    ],
    "Width": "50,0",
    "Height": "25,0",
    "Shape": "Rectangle",
    "Winding": 2,
    "Radius": 2,
    "Premium_White": "N",
    "Substrate": "Adhesive Label Paper White Gloss",
    "Adhesive": "Permanent",
    "LineComment1": "deze informatie komt via Switch uit de xml van drukwerkdeal."
}