{
    "Description": "FAB42CE94C",
    "ReferenceAtCustomer": "M4H402A09A",
    "Delivery": "2023-12-27",
    "OrderQuantity": 6000,
    "Quantity_per_roll": "",
    "UnitPrice": 58.06,
    "SupplierId": "Drukwerkdeal",
    "Name": "Ammerlaan",
    "Street": "Jeroen Boschlaan 4",
    "Country": "NL",
    "PostalCode": "5151 SP",
    "City": "Drunen",
    "Contacts": [
        {
            "LastName": "Ammerlaan",
            "FirstName": "Stefan",
            "Initials": "",
            "Title": "",
            "PhoneNumber": "+31628529976",
            "FaxNumber": "",
            "GSMNumber": "",
            "Email": "Stefan.Ammerlaan@plus.nl",
            "Function": ""
        }
    ],
    "Width": "30,0",
    "Height": "30,0",
    "Shape": "Circle",
    "Winding": 2,
    "Radius": 0,
    "Premium_White": "N",
    "Substrate": "Adhesive Label Paper White Matt",
    "Adhesive": "Removable Adhesive Glue",
    "LineComment1": "deze informatie komt via Switch uit de xml van drukwerkdeal."
}