{
    "Description": "F9CBE0E9BA",
    "ReferenceAtCustomer": "MHE94EH4DD",
    "Delivery": "2023-12-20",
    "OrderQuantity": 500,
    "Quantity_per_roll": "",
    "UnitPrice": 36.86,
    "SupplierId": "Drukwerkdeal",
    "Name": "Van Ooijen",
    "Street": "Krommewei 3",
    "Country": "NL",
    "PostalCode": "4004LZ",
    "City": "TIEL",
    "Contacts": [
        {
            "LastName": "Van Ooijen",
            "FirstName": "Dmj",
            "Initials": "",
            "Title": "",
            "PhoneNumber": "+31624868612",
            "FaxNumber": "",
            "GSMNumber": "",
            "Email": "d.ooijen@dsp.eu",
            "Function": ""
        }
    ],
    "Width": "50,0",
    "Height": "35,0",
    "Shape": "Rectangle",
    "Winding": 2,
    "Radius": 2,
    "Premium_White": "N",
    "Substrate": "Adhesive Label Paper White Gloss",
    "Adhesive": "Permanent",
    "LineComment1": "deze informatie komt via Switch uit de xml van drukwerkdeal."
}