{
    "Description": "F352HB8CHE",
    "ReferenceAtCustomer": "M54F95F0DG",
    "Delivery": "2023-12-20",
    "OrderQuantity": 10000,
    "Quantity_per_roll": "",
    "UnitPrice": 165.1,
    "SupplierId": "Drukwerkdeal",
    "Name": "Wielheesen",
    "Street": "Maarssenbroeksedijk 59",
    "Country": "NL",
    "PostalCode": "3542DM",
    "City": "Utrecht",
    "Contacts": [
        {
            "LastName": "Wielheesen",
            "FirstName": "Meike",
            "Initials": "",
            "Title": "",
            "PhoneNumber": "0618466031",
            "FaxNumber": "",
            "GSMNumber": "",
            "Email": "Utrecht@wawolliekringloop.nl",
            "Function": ""
        }
    ],
    "Width": "50,0",
    "Height": "50,0",
    "Shape": "Circle",
    "Winding": 3,
    "Radius": 0,
    "Premium_White": "N",
    "Substrate": "Paperwise White",
    "Adhesive": "Permanent",
    "LineComment1": "deze informatie komt via Switch uit de xml van drukwerkdeal."
}