{
    "Description": "F169774D9D",
    "ReferenceAtCustomer": "MDAA2A200A",
    "Delivery": "2023-12-21",
    "OrderQuantity": 1000,
    "Quantity_per_roll": "",
    "UnitPrice": 53.21,
    "SupplierId": "Drukwerkdeal",
    "Name": "Bjorn Spruijt",
    "Street": "Herwensedijk 20",
    "Country": "NL",
    "PostalCode": "6914KE",
    "City": "Herwen",
    "Contacts": [
        {
            "LastName": "Bjorn Spruijt",
            "FirstName": "windkracht20",
            "Initials": "",
            "Title": "",
            "PhoneNumber": "+31316540700",
            "FaxNumber": "",
            "GSMNumber": "",
            "Email": "info@windkracht20.nl",
            "Function": ""
        }
    ],
    "Width": "45,0",
    "Height": "90,0",
    "Shape": "Rectangle",
    "Winding": 2,
    "Radius": 2,
    "Premium_White": "N",
    "Substrate": "Paperwise White",
    "Adhesive": "Permanent",
    "LineComment1": "deze informatie komt via Switch uit de xml van drukwerkdeal."
}