{
    "Description": "F7636D9BBE",
    "ReferenceAtCustomer": "MFD1167128",
    "Delivery": "2023-12-26",
    "OrderQuantity": 1000,
    "Quantity_per_roll": "",
    "UnitPrice": 41.93,
    "SupplierId": "Drukwerkdeal",
    "Name": "Monteyne",
    "Street": "Oorsprongstraat 5",
    "Country": "BE",
    "PostalCode": "3840",
    "City": "Borgloon",
    "Contacts": [
        {
            "LastName": "Monteyne",
            "FirstName": "Maximilien",
            "Initials": "",
            "Title": "",
            "PhoneNumber": "+32475902632",
            "FaxNumber": "",
            "GSMNumber": "",
            "Email": "max@cafecoureur.cc",
            "Function": ""
        }
    ],
    "Width": "45,0",
    "Height": "45,0",
    "Shape": "Circle",
    "Winding": 2,
    "Radius": 0,
    "Premium_White": "N",
    "Substrate": "Adhesive Label Paper White Matt",
    "Adhesive": "Removable Adhesive Glue",
    "LineComment1": "deze informatie komt via Switch uit de xml van drukwerkdeal."
}