{
    "Description": "FHH82H3G43",
    "ReferenceAtCustomer": "MHD6CCA8A4",
    "Delivery": "2023-12-21",
    "OrderQuantity": 2000,
    "Quantity_per_roll": "",
    "UnitPrice": 61.4,
    "SupplierId": "Drukwerkdeal",
    "Name": "Boegborn",
    "Street": "Tempelhofstraat 80",
    "Country": "NL",
    "PostalCode": "1043EB",
    "City": "AMSTERDAM",
    "Contacts": [
        {
            "LastName": "Boegborn",
            "FirstName": "Maarten",
            "Initials": "",
            "Title": "",
            "PhoneNumber": "0651939016",
            "FaxNumber": "",
            "GSMNumber": "",
            "Email": "m.boegborn@rocva.nl",
            "Function": ""
        }
    ],
    "Width": "60,0",
    "Height": "60,0",
    "Shape": "Circle",
    "Winding": 2,
    "Radius": 0,
    "Premium_White": "N",
    "Substrate": "Adhesive Label Paper White Matt",
    "Adhesive": "Permanent",
    "LineComment1": "deze informatie komt via Switch uit de xml van drukwerkdeal."
}