{
    "Description": "FCH4HFF7AA",
    "ReferenceAtCustomer": "MDG58HA614",
    "Delivery": "2023-12-27",
    "OrderQuantity": 2000,
    "Quantity_per_roll": "",
    "UnitPrice": 51.51,
    "SupplierId": "Drukwerkdeal",
    "Name": "Boomkamp",
    "Street": "Deurningerweg 40",
    "Country": "NL",
    "PostalCode": "7623 AH",
    "City": "Borne",
    "Contacts": [
        {
            "LastName": "Boomkamp",
            "FirstName": "Renske",
            "Initials": "",
            "Title": "",
            "PhoneNumber": "+31653249425",
            "FaxNumber": "",
            "GSMNumber": "",
            "Email": "info@boomkampkaas.com",
            "Function": ""
        }
    ],
    "Width": "60,0",
    "Height": "35,0",
    "Shape": "Rectangle",
    "Winding": 2,
    "Radius": 2,
    "Premium_White": "N",
    "Substrate": "Adhesive Label Paper White Gloss",
    "Adhesive": "Permanent",
    "LineComment1": "deze informatie komt via Switch uit de xml van drukwerkdeal."
}