{
    "Description": "FE699D1G38",
    "ReferenceAtCustomer": "ME9BB32060",
    "Delivery": "2023-12-27",
    "OrderQuantity": 100,
    "Quantity_per_roll": "",
    "UnitPrice": 34.31,
    "SupplierId": "Drukwerkdeal",
    "Name": "Oppedijk",
    "Street": "De Bunders 9",
    "Country": "NL",
    "PostalCode": "8701 GR",
    "City": "Bolsward",
    "Contacts": [
        {
            "LastName": "Oppedijk",
            "FirstName": "Nick",
            "Initials": "",
            "Title": "",
            "PhoneNumber": "+31644989190",
            "FaxNumber": "",
            "GSMNumber": "",
            "Email": "oppedijkn@gmail.com",
            "Function": ""
        }
    ],
    "Width": "50,0",
    "Height": "50,0",
    "Shape": "Square",
    "Winding": 2,
    "Radius": 2,
    "Premium_White": "N",
    "Substrate": "Adhesive Label Paper Antique White",
    "Adhesive": "Permanent",
    "LineComment1": "deze informatie komt via Switch uit de xml van drukwerkdeal."
}