{
    "Description": "F6D93CH10H",
    "ReferenceAtCustomer": "M6949H5HH4",
    "Delivery": "2023-12-27",
    "OrderQuantity": 500,
    "Quantity_per_roll": "",
    "UnitPrice": 95.64,
    "SupplierId": "Drukwerkdeal",
    "Name": "Kevlin Olthof",
    "Street": "Daggeldersweg 2",
    "Country": "NL",
    "PostalCode": "3449 JD",
    "City": "Woerden",
    "Contacts": [
        {
            "LastName": "Kevlin Olthof",
            "FirstName": "PremTech B.V.",
            "Initials": "",
            "Title": "",
            "PhoneNumber": "+31182373084",
            "FaxNumber": "",
            "GSMNumber": "",
            "Email": "k.olthof@premtech.nl",
            "Function": ""
        }
    ],
    "Width": "236,0",
    "Height": "176,0",
    "Shape": "Rectangle",
    "Winding": 3,
    "Radius": 2,
    "Premium_White": "N",
    "Substrate": "Adhesive Label Paper White Gloss",
    "Adhesive": "Removable Adhesive Glue",
    "LineComment1": "deze informatie komt via Switch uit de xml van drukwerkdeal."
}