{
    "Description": "F2B8019252",
    "ReferenceAtCustomer": "MH8D58D509",
    "Delivery": "2023-12-27",
    "OrderQuantity": 5000,
    "Quantity_per_roll": "",
    "UnitPrice": 82.54,
    "SupplierId": "Drukwerkdeal",
    "Name": "OMJS",
    "Street": "Niels Bohrweg 123",
    "Country": "NL",
    "PostalCode": "3542 CA",
    "City": "Utrecht",
    "Contacts": [
        {
            "LastName": "OMJS",
            "FirstName": "EDG media",
            "Initials": "",
            "Title": "",
            "PhoneNumber": "+31 88 88 55 222",
            "FaxNumber": "",
            "GSMNumber": "",
            "Email": "null",
            "Function": ""
        }
    ],
    "Width": "45,0",
    "Height": "45,0",
    "Shape": "Circle",
    "Winding": 2,
    "Radius": 0,
    "Premium_White": "N",
    "Substrate": "Adhesive Polyethylene (pe) White Gloss",
    "Adhesive": "Permanent",
    "LineComment1": "deze informatie komt via Switch uit de xml van drukwerkdeal."
}