{
    "Description": "F8D9556GCD",
    "ReferenceAtCustomer": "MACDBG0FEG",
    "Delivery": "2023-12-20",
    "OrderQuantity": 500,
    "Quantity_per_roll": "",
    "UnitPrice": 38.22,
    "SupplierId": "Drukwerkdeal",
    "Name": "Maesen",
    "Street": "Ter Stratenweg 46",
    "Country": "BE",
    "PostalCode": "2520",
    "City": "Ranst",
    "Contacts": [
        {
            "LastName": "Maesen",
            "FirstName": "Leen",
            "Initials": "",
            "Title": "",
            "PhoneNumber": "+3233263600",
            "FaxNumber": "",
            "GSMNumber": "",
            "Email": "leen.maesen@bleijenberg.be",
            "Function": ""
        }
    ],
    "Width": "50,0",
    "Height": "50,0",
    "Shape": "Circle",
    "Winding": 2,
    "Radius": 0,
    "Premium_White": "N",
    "Substrate": "Adhesive Label Paper White Matt",
    "Adhesive": "Permanent",
    "LineComment1": "deze informatie komt via Switch uit de xml van drukwerkdeal."
}