{
    "Description": "F5HHB04EDF",
    "ReferenceAtCustomer": "M50B25F789",
    "Delivery": "2023-12-20",
    "OrderQuantity": 100,
    "Quantity_per_roll": "",
    "UnitPrice": 34.42,
    "SupplierId": "Drukwerkdeal",
    "Name": "Administratie",
    "Street": "Parallelweg 24",
    "Country": "NL",
    "PostalCode": "8152BE",
    "City": "Lemelerveld",
    "Contacts": [
        {
            "LastName": "Administratie",
            "FirstName": "Afd",
            "Initials": "",
            "Title": "",
            "PhoneNumber": "+31572371791",
            "FaxNumber": "",
            "GSMNumber": "",
            "Email": "parts@mestebeld.nl",
            "Function": ""
        }
    ],
    "Width": "60,0",
    "Height": "60,0",
    "Shape": "Circle",
    "Winding": 2,
    "Radius": 0,
    "Premium_White": "N",
    "Substrate": "Adhesive Label Paper White Gloss",
    "Adhesive": "Permanent",
    "LineComment1": "deze informatie komt via Switch uit de xml van drukwerkdeal."
}