{
    "Description": "F6B883HGD1",
    "ReferenceAtCustomer": "ME633EA698",
    "Delivery": "2023-12-22",
    "OrderQuantity": 500,
    "Quantity_per_roll": "",
    "UnitPrice": 36.53,
    "SupplierId": "Drukwerkdeal",
    "Name": "van Alphen",
    "Street": "Piet Heinkade 135",
    "Country": "NL",
    "PostalCode": "1019GM",
    "City": "Amsterdam",
    "Contacts": [
        {
            "LastName": "van Alphen",
            "FirstName": "Merel",
            "Initials": "",
            "Title": "",
            "PhoneNumber": "+31651263030",
            "FaxNumber": "",
            "GSMNumber": "",
            "Email": "merel.vanalphen@splashtop.com",
            "Function": ""
        }
    ],
    "Width": "40,0",
    "Height": "40,0",
    "Shape": "Circle",
    "Winding": 2,
    "Radius": 0,
    "Premium_White": "N",
    "Substrate": "Adhesive Label Paper White Gloss",
    "Adhesive": "Permanent",
    "LineComment1": "deze informatie komt via Switch uit de xml van drukwerkdeal."
}