{
    "Description": "FAD3529B1F",
    "ReferenceAtCustomer": "MDD5DDC752",
    "Delivery": "2023-12-21",
    "OrderQuantity": 1000,
    "Quantity_per_roll": "",
    "UnitPrice": 51.18,
    "SupplierId": "Drukwerkdeal",
    "Name": "Kitty",
    "Street": "Koningstraat 33",
    "Country": "NL",
    "PostalCode": "2011TC",
    "City": "Haarlem",
    "Contacts": [
        {
            "LastName": "Kitty",
            "FirstName": "Liquid Gold",
            "Initials": "",
            "Title": "",
            "PhoneNumber": "+31235348040",
            "FaxNumber": "",
            "GSMNumber": "",
            "Email": "frans@newfountain.nl",
            "Function": ""
        }
    ],
    "Width": "105,0",
    "Height": "35,0",
    "Shape": "Rectangle",
    "Winding": 2,
    "Radius": 2,
    "Premium_White": "N",
    "Substrate": "Adhesive Label Paper Antique White",
    "Adhesive": "Permanent",
    "LineComment1": "deze informatie komt via Switch uit de xml van drukwerkdeal."
}