{
    "Description": "F7HDB809EA",
    "ReferenceAtCustomer": "MH2GC5DG13",
    "Delivery": "2023-12-19",
    "OrderQuantity": 500,
    "Quantity_per_roll": "",
    "UnitPrice": 42.54,
    "SupplierId": "Drukwerkdeal",
    "Name": "Veenstra",
    "Street": "Ganzingawei 11",
    "Country": "NL",
    "PostalCode": "9298RT",
    "City": "KOLLUMERSWEACH",
    "Contacts": [
        {
            "LastName": "Veenstra",
            "FirstName": "Sita",
            "Initials": "",
            "Title": "",
            "PhoneNumber": "+31647406950",
            "FaxNumber": "",
            "GSMNumber": "",
            "Email": "info@zeepfabrieksuver.nl",
            "Function": ""
        }
    ],
    "Width": "85,0",
    "Height": "45,0",
    "Shape": "Rectangle",
    "Winding": 2,
    "Radius": 2,
    "Premium_White": "N",
    "Substrate": "Paperwise Earth Pact Natural",
    "Adhesive": "Permanent",
    "LineComment1": "deze informatie komt via Switch uit de xml van drukwerkdeal."
}