{
    "Description": "FEEH1CF139",
    "ReferenceAtCustomer": "M78557467C",
    "Delivery": "2023-12-22",
    "OrderQuantity": 100,
    "Quantity_per_roll": "",
    "UnitPrice": 34.23,
    "SupplierId": "Drukwerkdeal",
    "Name": "Schuurmans",
    "Street": "Koningin Wilhelminalaan 2",
    "Country": "NL",
    "PostalCode": "4797BP",
    "City": "Willemstad",
    "Contacts": [
        {
            "LastName": "Schuurmans",
            "FirstName": "Maartje",
            "Initials": "",
            "Title": "",
            "PhoneNumber": "0123456789",
            "FaxNumber": "",
            "GSMNumber": "",
            "Email": "m.schuurmans@therewolf.nl",
            "Function": ""
        }
    ],
    "Width": "60,0",
    "Height": "35,0",
    "Shape": "Rectangle",
    "Winding": 3,
    "Radius": 2,
    "Premium_White": "N",
    "Substrate": "Eco Adhesive Natureflex White Gloss",
    "Adhesive": "Permanent",
    "LineComment1": "deze informatie komt via Switch uit de xml van drukwerkdeal."
}