{
    "Description": "FFF4C5GDDB",
    "ReferenceAtCustomer": "M7E553321C",
    "Delivery": "2023-12-21",
    "OrderQuantity": 1000,
    "Quantity_per_roll": "",
    "UnitPrice": 80.12,
    "SupplierId": "Drukwerkdeal",
    "Name": "Veenendaal",
    "Street": "Nijverheidsweg 27-B-6",
    "Country": "NL",
    "PostalCode": "2031 CN",
    "City": "Haarlem",
    "Contacts": [
        {
            "LastName": "Veenendaal",
            "FirstName": "Lennart",
            "Initials": "",
            "Title": "",
            "PhoneNumber": "+31643757151",
            "FaxNumber": "",
            "GSMNumber": "",
            "Email": "Hallo@mrjealousy.com",
            "Function": ""
        }
    ],
    "Width": "125,0",
    "Height": "125,0",
    "Shape": "Circle",
    "Winding": 2,
    "Radius": 0,
    "Premium_White": "N",
    "Substrate": "Adhesive Label Paper White Gloss",
    "Adhesive": "Permanent",
    "LineComment1": "deze informatie komt via Switch uit de xml van drukwerkdeal."
}