{
    "Description": "FADA1H5B89",
    "ReferenceAtCustomer": "MZ5F6HHBDA",
    "Delivery": "2023-12-21",
    "OrderQuantity": 500,
    "Quantity_per_roll": "",
    "UnitPrice": 37.46,
    "SupplierId": "Drukwerkdeal",
    "Name": "t.a.v. Chantal van Leeuwen",
    "Street": "Vogelvlinderweg 56",
    "Country": "NL",
    "PostalCode": "3544NJ",
    "City": "Utrecht",
    "Contacts": [
        {
            "LastName": "t.a.v. Chantal van Leeuwen",
            "FirstName": "De Geboortezaak Utrecht Leidsche Rijn",
            "Initials": "",
            "Title": "",
            "PhoneNumber": "+31 88 88 55 222",
            "FaxNumber": "",
            "GSMNumber": "",
            "Email": "utrecht@degeboortezaak.nl",
            "Function": ""
        }
    ],
    "Width": "45,0",
    "Height": "45,0",
    "Shape": "Circle",
    "Winding": 2,
    "Radius": 0,
    "Premium_White": "N",
    "Substrate": "Adhesive Label Paper White Gloss",
    "Adhesive": "Permanent",
    "LineComment1": "deze informatie komt via Switch uit de xml van drukwerkdeal."
}