{
    "Description": "F6FF0A383A",
    "ReferenceAtCustomer": "MDFHBA1ABD",
    "Delivery": "2023-12-21",
    "OrderQuantity": 750,
    "Quantity_per_roll": "",
    "UnitPrice": 38.87,
    "SupplierId": "Drukwerkdeal",
    "Name": "Saucier",
    "Street": "Hermes 18",
    "Country": "NL",
    "PostalCode": "8448CK",
    "City": "HEERENVEEN",
    "Contacts": [
        {
            "LastName": "Saucier",
            "FirstName": "Niels",
            "Initials": "",
            "Title": "",
            "PhoneNumber": "0619003667",
            "FaxNumber": "",
            "GSMNumber": "",
            "Email": "null",
            "Function": ""
        }
    ],
    "Width": "40,0",
    "Height": "40,0",
    "Shape": "Circle",
    "Winding": 2,
    "Radius": 0,
    "Premium_White": "N",
    "Substrate": "Adhesive Polyethylene (pe) White Gloss",
    "Adhesive": "Permanent",
    "LineComment1": "deze informatie komt via Switch uit de xml van drukwerkdeal."
}