{
    "Description": "F7A68B5449",
    "ReferenceAtCustomer": "MHA9BH5674",
    "Delivery": "2023-12-27",
    "OrderQuantity": 100,
    "Quantity_per_roll": "",
    "UnitPrice": 33.19,
    "SupplierId": "Drukwerkdeal",
    "Name": "Viergever",
    "Street": "Thorbeckesingel 63",
    "Country": "NL",
    "PostalCode": "3404HD",
    "City": "IJsselstein",
    "Contacts": [
        {
            "LastName": "Viergever",
            "FirstName": "Tim",
            "Initials": "",
            "Title": "",
            "PhoneNumber": "+31620993857",
            "FaxNumber": "",
            "GSMNumber": "",
            "Email": "tim@jimmick.com",
            "Function": ""
        }
    ],
    "Width": "20,0",
    "Height": "20,0",
    "Shape": "Circle",
    "Winding": 2,
    "Radius": 0,
    "Premium_White": "N",
    "Substrate": "Adhesive Label Paper White Gloss",
    "Adhesive": "Permanent",
    "LineComment1": "deze informatie komt via Switch uit de xml van drukwerkdeal."
}