{
    "Description": "FB1H578770",
    "ReferenceAtCustomer": "M0F7EDDF35",
    "Delivery": "2023-12-20",
    "OrderQuantity": 10000,
    "Quantity_per_roll": "",
    "UnitPrice": 91.0,
    "SupplierId": "Drukwerkdeal",
    "Name": "H.K. Schreuder",
    "Street": "Ree\u00c3\u00abnlaan 46",
    "Country": "NL",
    "PostalCode": "7315EX",
    "City": "Apeldoorn",
    "Contacts": [
        {
            "LastName": "H.K. Schreuder",
            "FirstName": "Drukkerij Elwipress",
            "Initials": "",
            "Title": "",
            "PhoneNumber": "+31555220579",
            "FaxNumber": "",
            "GSMNumber": "",
            "Email": "info@elwipress.nl",
            "Function": ""
        }
    ],
    "Width": "50,0",
    "Height": "25,0",
    "Shape": "Rectangle",
    "Winding": 2,
    "Radius": 2,
    "Premium_White": "N",
    "Substrate": "Adhesive Label Paper White Gloss",
    "Adhesive": "Permanent",
    "LineComment1": "deze informatie komt via Switch uit de xml van drukwerkdeal."
}