{
    "Description": "F224E0BF1F",
    "ReferenceAtCustomer": "M770D481A2",
    "Delivery": "2023-12-22",
    "OrderQuantity": 100,
    "Quantity_per_roll": "",
    "UnitPrice": 38.93,
    "SupplierId": "Drukwerkdeal",
    "Name": "de Winkel",
    "Street": "Boulevard Heuvelink 85",
    "Country": "NL",
    "PostalCode": "6828KJ",
    "City": "Arnhem",
    "Contacts": [
        {
            "LastName": "de Winkel",
            "FirstName": "Dinka",
            "Initials": "",
            "Title": "",
            "PhoneNumber": "+31619604684",
            "FaxNumber": "",
            "GSMNumber": "",
            "Email": "welkom@dinka.soy",
            "Function": ""
        }
    ],
    "Width": "148,0",
    "Height": "105,0",
    "Shape": "Rectangle",
    "Winding": 3,
    "Radius": 2,
    "Premium_White": "N",
    "Substrate": "Paperwise Earth Pact Natural",
    "Adhesive": "Permanent",
    "LineComment1": "deze informatie komt via Switch uit de xml van drukwerkdeal."
}