{
    "Description": "F803EHB9CE",
    "ReferenceAtCustomer": "M72F17CA89",
    "Delivery": "2023-12-27",
    "OrderQuantity": 1000,
    "Quantity_per_roll": "",
    "UnitPrice": 34.86,
    "SupplierId": "Drukwerkdeal",
    "Name": "Tegelbeckers",
    "Street": "Dovenetelstraat 25 M",
    "Country": "NL",
    "PostalCode": "3053JD",
    "City": "Rotterdam",
    "Contacts": [
        {
            "LastName": "Tegelbeckers",
            "FirstName": "Dominic",
            "Initials": "",
            "Title": "",
            "PhoneNumber": "0123456789",
            "FaxNumber": "",
            "GSMNumber": "",
            "Email": "info@groenehoedduurzaam.nl",
            "Function": ""
        }
    ],
    "Width": "20,0",
    "Height": "20,0",
    "Shape": "Square",
    "Winding": 2,
    "Radius": 2,
    "Premium_White": "N",
    "Substrate": "Adhesive Label Paper White Matt",
    "Adhesive": "Removable Adhesive Glue",
    "LineComment1": "deze informatie komt via Switch uit de xml van drukwerkdeal."
}