{
    "Description": "FH6BA3F2E4",
    "ReferenceAtCustomer": "MFH23284H1",
    "Delivery": "2023-12-27",
    "OrderQuantity": 1000,
    "Quantity_per_roll": "",
    "UnitPrice": 40.05,
    "SupplierId": "Drukwerkdeal",
    "Name": "Communications Office",
    "Street": "Lange Noordstraat 1",
    "Country": "NL",
    "PostalCode": "4331CB",
    "City": "Middelburg",
    "Contacts": [
        {
            "LastName": "Communications Office",
            "FirstName": "University College Roosevelt",
            "Initials": "",
            "Title": "",
            "PhoneNumber": "+31118655502",
            "FaxNumber": "",
            "GSMNumber": "",
            "Email": "communications@ucr.nl",
            "Function": ""
        }
    ],
    "Width": "40,0",
    "Height": "40,0",
    "Shape": "Circle",
    "Winding": 2,
    "Radius": 0,
    "Premium_White": "N",
    "Substrate": "Adhesive Label Paper White Gloss",
    "Adhesive": "Permanent",
    "LineComment1": "deze informatie komt via Switch uit de xml van drukwerkdeal."
}