{
    "Description": "F1BD57219H",
    "ReferenceAtCustomer": "M37912BB2A",
    "Delivery": "2023-12-20",
    "OrderQuantity": 500,
    "Quantity_per_roll": "",
    "UnitPrice": 33.93,
    "SupplierId": "Drukwerkdeal",
    "Name": "Otten",
    "Street": "Overstek 2f",
    "Country": "NL",
    "PostalCode": "3471EJ",
    "City": "Kamerik",
    "Contacts": [
        {
            "LastName": "Otten",
            "FirstName": "Lisette",
            "Initials": "",
            "Title": "",
            "PhoneNumber": "+31614368168",
            "FaxNumber": "",
            "GSMNumber": "",
            "Email": "l.otten@dewijdeblikkamerik.nl",
            "Function": ""
        }
    ],
    "Width": "20,0",
    "Height": "20,0",
    "Shape": "Circle",
    "Winding": 2,
    "Radius": 0,
    "Premium_White": "N",
    "Substrate": "Adhesive Label Paper White Matt",
    "Adhesive": "Permanent",
    "LineComment1": "deze informatie komt via Switch uit de xml van drukwerkdeal."
}