{
    "Description": "F45BDH94C8",
    "ReferenceAtCustomer": "MAEA7D7A72",
    "Delivery": "2023-12-27",
    "OrderQuantity": 5000,
    "Quantity_per_roll": "",
    "UnitPrice": 62.0,
    "SupplierId": "Drukwerkdeal",
    "Name": "Jiang",
    "Street": "Sloterweg 342",
    "Country": "NL",
    "PostalCode": "1171VJ",
    "City": "BADHOEVEDORP",
    "Contacts": [
        {
            "LastName": "Jiang",
            "FirstName": "Adela",
            "Initials": "",
            "Title": "",
            "PhoneNumber": "0683708146",
            "FaxNumber": "",
            "GSMNumber": "",
            "Email": "yanlei.zhang@sichuan.amsterdam",
            "Function": ""
        }
    ],
    "Width": "25,0",
    "Height": "50,0",
    "Shape": "Rectangle",
    "Winding": 2,
    "Radius": 2,
    "Premium_White": "N",
    "Substrate": "Adhesive Label Paper White Gloss",
    "Adhesive": "Permanent",
    "LineComment1": "deze informatie komt via Switch uit de xml van drukwerkdeal."
}