{
    "Description": "FF21EH0EEG",
    "ReferenceAtCustomer": "M86056HFA8",
    "Delivery": "2023-12-20",
    "OrderQuantity": 100,
    "Quantity_per_roll": "",
    "UnitPrice": 35.86,
    "SupplierId": "Drukwerkdeal",
    "Name": "Verberne",
    "Street": "De Wiet 22",
    "Country": "NL",
    "PostalCode": "6027SG",
    "City": "SOERENDONK",
    "Contacts": [
        {
            "LastName": "Verberne",
            "FirstName": "Denise",
            "Initials": "",
            "Title": "",
            "PhoneNumber": "0641903594",
            "FaxNumber": "",
            "GSMNumber": "",
            "Email": "info@denise-fotografie.nl",
            "Function": ""
        }
    ],
    "Width": "75,0",
    "Height": "100,0",
    "Shape": "Oval",
    "Winding": 2,
    "Radius": 0,
    "Premium_White": "N",
    "Substrate": "Paperwise White",
    "Adhesive": "Permanent",
    "LineComment1": "deze informatie komt via Switch uit de xml van drukwerkdeal."
}