{
    "Description": "FH3D132349",
    "ReferenceAtCustomer": "M75G72F2B5",
    "Delivery": "2023-12-19",
    "OrderQuantity": 500,
    "Quantity_per_roll": "",
    "UnitPrice": 42.79,
    "SupplierId": "Drukwerkdeal",
    "Name": "Patrick van Bijsterveld",
    "Street": "Antonie van leeuwenhoekweg 7",
    "Country": "NL",
    "PostalCode": "5151DV",
    "City": "Drunen",
    "Contacts": [
        {
            "LastName": "Patrick van Bijsterveld",
            "FirstName": "ABCA B.V.",
            "Initials": "",
            "Title": "",
            "PhoneNumber": "+31416375600",
            "FaxNumber": "",
            "GSMNumber": "",
            "Email": "patrick@abca.nl",
            "Function": ""
        }
    ],
    "Width": "75,0",
    "Height": "75,0",
    "Shape": "Circle",
    "Winding": 2,
    "Radius": 0,
    "Premium_White": "N",
    "Substrate": "Adhesive Label Paper White Gloss",
    "Adhesive": "Permanent",
    "LineComment1": "deze informatie komt via Switch uit de xml van drukwerkdeal."
}