{
    "Description": "F36CAGD56G",
    "ReferenceAtCustomer": "MB9211878C",
    "Delivery": "2023-12-21",
    "OrderQuantity": 500,
    "Quantity_per_roll": "",
    "UnitPrice": 46.61,
    "SupplierId": "Drukwerkdeal",
    "Name": "van Loon",
    "Street": "Heuvel 12",
    "Country": "BE",
    "PostalCode": "2940",
    "City": "Kalmthout",
    "Contacts": [
        {
            "LastName": "van Loon",
            "FirstName": "Leena",
            "Initials": "",
            "Title": "",
            "PhoneNumber": "+32492109719",
            "FaxNumber": "",
            "GSMNumber": "",
            "Email": "info@sensiconcepts.com",
            "Function": ""
        }
    ],
    "Width": "95,0",
    "Height": "95,0",
    "Shape": "Circle",
    "Winding": 2,
    "Radius": 0,
    "Premium_White": "N",
    "Substrate": "Adhesive Label Paper White Gloss",
    "Adhesive": "Permanent",
    "LineComment1": "deze informatie komt via Switch uit de xml van drukwerkdeal."
}