{
    "Description": "FF8E1A4A57",
    "ReferenceAtCustomer": "M44E27F460",
    "Delivery": "2023-12-20",
    "OrderQuantity": 500,
    "Quantity_per_roll": "",
    "UnitPrice": 37.46,
    "SupplierId": "Drukwerkdeal",
    "Name": "Kuys",
    "Street": "Ln van Nieuw Blankenburg 10 A",
    "Country": "NL",
    "PostalCode": "3181DA",
    "City": "ROZENBURG ZH",
    "Contacts": [
        {
            "LastName": "Kuys",
            "FirstName": "Bart",
            "Initials": "",
            "Title": "",
            "PhoneNumber": "0620096013",
            "FaxNumber": "",
            "GSMNumber": "",
            "Email": "inkoop@martasgroep.nl",
            "Function": ""
        }
    ],
    "Width": "45,0",
    "Height": "45,0",
    "Shape": "Circle",
    "Winding": 2,
    "Radius": 0,
    "Premium_White": "N",
    "Substrate": "Adhesive Label Paper White Gloss",
    "Adhesive": "Permanent",
    "LineComment1": "deze informatie komt via Switch uit de xml van drukwerkdeal."
}