{
    "Description": "F7312D7D20",
    "ReferenceAtCustomer": "M9C012H4EB",
    "Delivery": "2023-12-27",
    "OrderQuantity": 2000,
    "Quantity_per_roll": "",
    "UnitPrice": 53.55,
    "SupplierId": "Drukwerkdeal",
    "Name": "Schade",
    "Street": "Tender 2",
    "Country": "NL",
    "PostalCode": "1687JB",
    "City": "Wognum",
    "Contacts": [
        {
            "LastName": "Schade",
            "FirstName": "Afdeling",
            "Initials": "",
            "Title": "",
            "PhoneNumber": "+31229502051",
            "FaxNumber": "",
            "GSMNumber": "",
            "Email": "mc@simonloos.nl",
            "Function": ""
        }
    ],
    "Width": "60,0",
    "Height": "35,0",
    "Shape": "Rectangle",
    "Winding": 2,
    "Radius": 2,
    "Premium_White": "N",
    "Substrate": "Adhesive Polyethylene (pe) White Gloss",
    "Adhesive": "Permanent",
    "LineComment1": "deze informatie komt via Switch uit de xml van drukwerkdeal."
}