{
    "Description": "F2C4E865B8",
    "ReferenceAtCustomer": "MD77G8G4AE",
    "Delivery": "2023-12-27",
    "OrderQuantity": 5000,
    "Quantity_per_roll": "",
    "UnitPrice": 43.3,
    "SupplierId": "Drukwerkdeal",
    "Name": "Arnhem",
    "Street": "Nieuwe Oeverstraat 29",
    "Country": "NL",
    "PostalCode": "6811 JB",
    "City": "Arnhem",
    "Contacts": [
        {
            "LastName": "Arnhem",
            "FirstName": "Rozet",
            "Initials": "",
            "Title": "",
            "PhoneNumber": "0123456789",
            "FaxNumber": "",
            "GSMNumber": "",
            "Email": "communicatie@rozet.nl",
            "Function": ""
        }
    ],
    "Width": "20,0",
    "Height": "20,0",
    "Shape": "Circle",
    "Winding": 2,
    "Radius": 0,
    "Premium_White": "N",
    "Substrate": "Adhesive Polyethylene (pe) White Gloss",
    "Adhesive": "Permanent",
    "LineComment1": "deze informatie komt via Switch uit de xml van drukwerkdeal."
}