{
    "Description": "F3EF7928A9",
    "ReferenceAtCustomer": "M25E68G6D4",
    "Delivery": "2023-12-22",
    "OrderQuantity": 2000,
    "Quantity_per_roll": "",
    "UnitPrice": 44.6,
    "SupplierId": "Drukwerkdeal",
    "Name": "Vlot",
    "Street": "Hogeweg 3",
    "Country": "NL",
    "PostalCode": "5301LB",
    "City": "Zaltbommel",
    "Contacts": [
        {
            "LastName": "Vlot",
            "FirstName": "Heleen",
            "Initials": "",
            "Title": "",
            "PhoneNumber": "+31623252221",
            "FaxNumber": "",
            "GSMNumber": "",
            "Email": "heleen.vlot@capability.nl",
            "Function": ""
        }
    ],
    "Width": "50,0",
    "Height": "25,0",
    "Shape": "Rectangle",
    "Winding": 2,
    "Radius": 2,
    "Premium_White": "N",
    "Substrate": "Adhesive Label Paper White Gloss",
    "Adhesive": "Permanent",
    "LineComment1": "deze informatie komt via Switch uit de xml van drukwerkdeal."
}