{
    "Description": "F7ABEF7AFF",
    "ReferenceAtCustomer": "M18BDFF01E",
    "Delivery": "2023-12-27",
    "OrderQuantity": 250,
    "Quantity_per_roll": "",
    "UnitPrice": 35.57,
    "SupplierId": "Drukwerkdeal",
    "Name": "peeters",
    "Street": "Vloeiveld 10",
    "Country": "NL",
    "PostalCode": "5126 rg",
    "City": "Gilze",
    "Contacts": [
        {
            "LastName": "peeters",
            "FirstName": "jos",
            "Initials": "",
            "Title": "",
            "PhoneNumber": "+31657946733",
            "FaxNumber": "",
            "GSMNumber": "",
            "Email": "jp@jp-foto.nl",
            "Function": ""
        }
    ],
    "Width": "60,0",
    "Height": "35,0",
    "Shape": "Rectangle",
    "Winding": 2,
    "Radius": 2,
    "Premium_White": "N",
    "Substrate": "Adhesive Polyethylene (pe) White Gloss",
    "Adhesive": "Permanent",
    "LineComment1": "deze informatie komt via Switch uit de xml van drukwerkdeal."
}