{
    "Description": "FH76C6FCB7",
    "ReferenceAtCustomer": "M09EH9598G",
    "Delivery": "2023-12-27",
    "OrderQuantity": 1000,
    "Quantity_per_roll": "",
    "UnitPrice": 40.05,
    "SupplierId": "Drukwerkdeal",
    "Name": "Binkhorst-van Rijn",
    "Street": "Kaneelstraat 27 b",
    "Country": "NL",
    "PostalCode": "5431DV",
    "City": "Cuijk",
    "Contacts": [
        {
            "LastName": "Binkhorst-van Rijn",
            "FirstName": "Susanne",
            "Initials": "",
            "Title": "",
            "PhoneNumber": "+31485351352",
            "FaxNumber": "",
            "GSMNumber": "",
            "Email": "administratie@binkforce.nl",
            "Function": ""
        }
    ],
    "Width": "40,0",
    "Height": "40,0",
    "Shape": "Circle",
    "Winding": 2,
    "Radius": 0,
    "Premium_White": "N",
    "Substrate": "Adhesive Label Paper White Gloss",
    "Adhesive": "Permanent",
    "LineComment1": "deze informatie komt via Switch uit de xml van drukwerkdeal."
}