{
    "Description": "F46D632F06",
    "ReferenceAtCustomer": "M6EFGBC1C8",
    "Delivery": "2023-12-20",
    "OrderQuantity": 500,
    "Quantity_per_roll": "",
    "UnitPrice": 41.44,
    "SupplierId": "Drukwerkdeal",
    "Name": "Bras",
    "Street": "Stichtse Kade 46",
    "Country": "NL",
    "PostalCode": "1243 HW",
    "City": "'s-Graveland",
    "Contacts": [
        {
            "LastName": "Bras",
            "FirstName": "Anne",
            "Initials": "",
            "Title": "",
            "PhoneNumber": "+31646487807",
            "FaxNumber": "",
            "GSMNumber": "",
            "Email": "invoice@bickery.nl",
            "Function": ""
        }
    ],
    "Width": "130,0",
    "Height": "35,0",
    "Shape": "Rectangle",
    "Winding": 4,
    "Radius": 2,
    "Premium_White": "N",
    "Substrate": "Adhesive Label Paper White Gloss",
    "Adhesive": "Permanent",
    "LineComment1": "deze informatie komt via Switch uit de xml van drukwerkdeal."
}