{
    "Description": "F09A27687E",
    "ReferenceAtCustomer": "M7B40C51FH",
    "Delivery": "2023-12-21",
    "OrderQuantity": 500,
    "Quantity_per_roll": "",
    "UnitPrice": 41.98,
    "SupplierId": "Drukwerkdeal",
    "Name": "Dhr. Joep Peters",
    "Street": "Van Breestraat 78",
    "Country": "NL",
    "PostalCode": "5012 KB",
    "City": "Tilburg",
    "Contacts": [
        {
            "LastName": "Dhr. Joep Peters",
            "FirstName": "JMP Products",
            "Initials": "",
            "Title": "",
            "PhoneNumber": "+31651540191",
            "FaxNumber": "",
            "GSMNumber": "",
            "Email": "mail@jmp-products.nl",
            "Function": ""
        }
    ],
    "Width": "60,0",
    "Height": "60,0",
    "Shape": "Circle",
    "Winding": 2,
    "Radius": 0,
    "Premium_White": "N",
    "Substrate": "Paperwise White",
    "Adhesive": "Permanent",
    "LineComment1": "deze informatie komt via Switch uit de xml van drukwerkdeal."
}