{
    "Description": "FC28B5BG5A",
    "ReferenceAtCustomer": "M9A9412AHD",
    "Delivery": "2023-12-20",
    "OrderQuantity": 1000,
    "Quantity_per_roll": "",
    "UnitPrice": 40.16,
    "SupplierId": "Drukwerkdeal",
    "Name": "Drukkerij",
    "Street": "Schievestraat 37",
    "Country": "NL",
    "PostalCode": "6901GH",
    "City": "Zevenaar",
    "Contacts": [
        {
            "LastName": "Drukkerij",
            "FirstName": "Antop",
            "Initials": "",
            "Title": "",
            "PhoneNumber": "+31316524375",
            "FaxNumber": "",
            "GSMNumber": "",
            "Email": "antop@hetnet.nl",
            "Function": ""
        }
    ],
    "Width": "65,0",
    "Height": "25,0",
    "Shape": "Rectangle",
    "Winding": 2,
    "Radius": 2,
    "Premium_White": "N",
    "Substrate": "Adhesive Label Paper White Gloss",
    "Adhesive": "Permanent",
    "LineComment1": "deze informatie komt via Switch uit de xml van drukwerkdeal."
}