{
    "Description": "FH1G7BGC0B",
    "ReferenceAtCustomer": "ME84BADFH8",
    "Delivery": "2023-12-22",
    "OrderQuantity": 5000,
    "Quantity_per_roll": "",
    "UnitPrice": 85.2,
    "SupplierId": "Drukwerkdeal",
    "Name": "Strens",
    "Street": "Rue des Croix de Feu 12",
    "Country": "BE",
    "PostalCode": "1420",
    "City": "Braine l'Alleud",
    "Contacts": [
        {
            "LastName": "Strens",
            "FirstName": "G\u00c3\u00a9raud",
            "Initials": "",
            "Title": "",
            "PhoneNumber": "+32477608610",
            "FaxNumber": "",
            "GSMNumber": "",
            "Email": "geraud@ekivrac.com",
            "Function": ""
        }
    ],
    "Width": "50,0",
    "Height": "50,0",
    "Shape": "Square",
    "Winding": 2,
    "Radius": 2,
    "Premium_White": "N",
    "Substrate": "Adhesive Label Paper White Gloss",
    "Adhesive": "Permanent",
    "LineComment1": "deze informatie komt via Switch uit de xml van drukwerkdeal."
}