{
    "Description": "FG526A93F4",
    "ReferenceAtCustomer": "M8D1B76DFB",
    "Delivery": "2023-12-20",
    "OrderQuantity": 10000,
    "Quantity_per_roll": "",
    "UnitPrice": 103.81,
    "SupplierId": "Drukwerkdeal",
    "Name": "Lieven Lafaut",
    "Street": "Sint-Amandsstraat 11",
    "Country": "BE",
    "PostalCode": "8740",
    "City": "Pittem",
    "Contacts": [
        {
            "LastName": "Lieven Lafaut",
            "FirstName": "Tikal nv",
            "Initials": "",
            "Title": "",
            "PhoneNumber": "+32477496158",
            "FaxNumber": "",
            "GSMNumber": "",
            "Email": "lieven.lafaut@skynet.be",
            "Function": ""
        }
    ],
    "Width": "50,0",
    "Height": "25,0",
    "Shape": "Rectangle",
    "Winding": 2,
    "Radius": 2,
    "Premium_White": "N",
    "Substrate": "Adhesive Polyethylene (pe) White Matte",
    "Adhesive": "Permanent",
    "LineComment1": "deze informatie komt via Switch uit de xml van drukwerkdeal."
}