{
    "Description": "FF2D6F088B",
    "ReferenceAtCustomer": "MH840358HC",
    "Delivery": "2023-12-20",
    "OrderQuantity": 100,
    "Quantity_per_roll": "",
    "UnitPrice": 33.58,
    "SupplierId": "Drukwerkdeal",
    "Name": "rodermond",
    "Street": "Pruylenborg 53",
    "Country": "NL",
    "PostalCode": "3343ND",
    "City": "Hendrik-Ido-Ambacht",
    "Contacts": [
        {
            "LastName": "rodermond",
            "FirstName": "denise",
            "Initials": "",
            "Title": "",
            "PhoneNumber": "+31639504350",
            "FaxNumber": "",
            "GSMNumber": "",
            "Email": "d_rodermond@live.nl",
            "Function": ""
        }
    ],
    "Width": "50,0",
    "Height": "25,0",
    "Shape": "Rectangle",
    "Winding": 2,
    "Radius": 2,
    "Premium_White": "N",
    "Substrate": "Adhesive Label Paper White Gloss",
    "Adhesive": "Permanent",
    "LineComment1": "deze informatie komt via Switch uit de xml van drukwerkdeal."
}