{
    "Description": "F2AF9EG6F7",
    "ReferenceAtCustomer": "M30E44ADCC",
    "Delivery": "2023-12-27",
    "OrderQuantity": 1000,
    "Quantity_per_roll": "",
    "UnitPrice": 43.44,
    "SupplierId": "Drukwerkdeal",
    "Name": "michiel de kroon",
    "Street": "Plesmanweg 28 a",
    "Country": "NL",
    "PostalCode": "7602 PE",
    "City": "Almelo",
    "Contacts": [
        {
            "LastName": "michiel de kroon",
            "FirstName": "A. Hinnen en Zoon B.V.",
            "Initials": "",
            "Title": "",
            "PhoneNumber": "+31456863265",
            "FaxNumber": "",
            "GSMNumber": "",
            "Email": "m.dekroon@hinnengas.nl",
            "Function": ""
        }
    ],
    "Width": "50,0",
    "Height": "50,0",
    "Shape": "Square",
    "Winding": 2,
    "Radius": 2,
    "Premium_White": "N",
    "Substrate": "Adhesive Label Paper White Gloss",
    "Adhesive": "Permanent",
    "LineComment1": "deze informatie komt via Switch uit de xml van drukwerkdeal."
}