{
    "Description": "F89BGG0DC3",
    "ReferenceAtCustomer": "M3GCG69H32",
    "Delivery": "2023-12-27",
    "OrderQuantity": 1000,
    "Quantity_per_roll": "",
    "UnitPrice": 42.05,
    "SupplierId": "Drukwerkdeal",
    "Name": "Giral",
    "Street": "Hendrikkenhofstraat 36-38",
    "Country": "NL",
    "PostalCode": "5916rz",
    "City": "Venlo",
    "Contacts": [
        {
            "LastName": "Giral",
            "FirstName": "Samet",
            "Initials": "",
            "Title": "",
            "PhoneNumber": "+31652353936",
            "FaxNumber": "",
            "GSMNumber": "",
            "Email": "facturen@verduurzamingnederland.nl",
            "Function": ""
        }
    ],
    "Width": "74,0",
    "Height": "25,0",
    "Shape": "Rectangle",
    "Winding": 2,
    "Radius": 2,
    "Premium_White": "N",
    "Substrate": "Adhesive Polyethylene (pe) White Gloss",
    "Adhesive": "Permanent",
    "LineComment1": "deze informatie komt via Switch uit de xml van drukwerkdeal."
}