{
    "Description": "FDC360FC2H",
    "ReferenceAtCustomer": "MG51B04006",
    "Delivery": "2023-12-22",
    "OrderQuantity": 500,
    "Quantity_per_roll": "",
    "UnitPrice": 40.25,
    "SupplierId": "Drukwerkdeal",
    "Name": "Meinhard van de Reep / Imkerij",
    "Street": "Satellietbaan 20 e",
    "Country": "NL",
    "PostalCode": "2181MH",
    "City": "Hillegom",
    "Contacts": [
        {
            "LastName": "Meinhard van de Reep / Imkerij",
            "FirstName": "deboekentas.nl",
            "Initials": "",
            "Title": "",
            "PhoneNumber": "+31 88 88 55 222",
            "FaxNumber": "",
            "GSMNumber": "",
            "Email": "null",
            "Function": ""
        }
    ],
    "Width": "35,0",
    "Height": "105,0",
    "Shape": "Rectangle",
    "Winding": 2,
    "Radius": 2,
    "Premium_White": "N",
    "Substrate": "Adhesive Label Paper White Matt",
    "Adhesive": "Removable Adhesive Glue",
    "LineComment1": "deze informatie komt via Switch uit de xml van drukwerkdeal."
}