{
    "Description": "F77CDF88AD",
    "ReferenceAtCustomer": "M57142E4D4",
    "Delivery": "2023-12-21",
    "OrderQuantity": 1000,
    "Quantity_per_roll": "",
    "UnitPrice": 42.26,
    "SupplierId": "Drukwerkdeal",
    "Name": "Van der Flaes",
    "Street": "Kemelbeekstraat 56",
    "Country": "BE",
    "PostalCode": "2460",
    "City": "Tielen",
    "Contacts": [
        {
            "LastName": "Van der Flaes",
            "FirstName": "Peter",
            "Initials": "",
            "Title": "",
            "PhoneNumber": "+3214652565",
            "FaxNumber": "",
            "GSMNumber": "",
            "Email": "peter@ptq-trans.be",
            "Function": ""
        }
    ],
    "Width": "60,0",
    "Height": "35,0",
    "Shape": "Rectangle",
    "Winding": 3,
    "Radius": 2,
    "Premium_White": "N",
    "Substrate": "Adhesive Label Paper White Gloss",
    "Adhesive": "Removable Adhesive Glue",
    "LineComment1": "deze informatie komt via Switch uit de xml van drukwerkdeal."
}