{
    "Description": "FFHDH300E8",
    "ReferenceAtCustomer": "M73E8C583G",
    "Delivery": "2023-12-21",
    "OrderQuantity": 1000,
    "Quantity_per_roll": "",
    "UnitPrice": 59.01,
    "SupplierId": "Drukwerkdeal",
    "Name": "Bijnens",
    "Street": "Twaalfbunderweg 11",
    "Country": "BE",
    "PostalCode": "3740",
    "City": "Bilzen",
    "Contacts": [
        {
            "LastName": "Bijnens",
            "FirstName": "Raoul",
            "Initials": "",
            "Title": "",
            "PhoneNumber": "+32478491634",
            "FaxNumber": "",
            "GSMNumber": "",
            "Email": "raoul.bijnens@telenet.be",
            "Function": ""
        }
    ],
    "Width": "105,0",
    "Height": "74,0",
    "Shape": "Rectangle",
    "Winding": 4,
    "Radius": 2,
    "Premium_White": "N",
    "Substrate": "Adhesive Polyethylene (pe) White Gloss",
    "Adhesive": "Permanent",
    "LineComment1": "deze informatie komt via Switch uit de xml van drukwerkdeal."
}