{
    "Description": "FD6A1E8036",
    "ReferenceAtCustomer": "M7HC8GEG5D",
    "Delivery": "2023-12-27",
    "OrderQuantity": 500,
    "Quantity_per_roll": "",
    "UnitPrice": 66.03,
    "SupplierId": "Drukwerkdeal",
    "Name": "vd Westen",
    "Street": "Zandven 19",
    "Country": "NL",
    "PostalCode": "5508RN",
    "City": "Veldhoven",
    "Contacts": [
        {
            "LastName": "vd Westen",
            "FirstName": "Harm",
            "Initials": "",
            "Title": "",
            "PhoneNumber": "+31657570511",
            "FaxNumber": "",
            "GSMNumber": "",
            "Email": "harm@dpeindhoven.nl",
            "Function": ""
        }
    ],
    "Width": "148,0",
    "Height": "148,0",
    "Shape": "Circle",
    "Winding": 2,
    "Radius": 0,
    "Premium_White": "N",
    "Substrate": "Adhesive Label Paper White Gloss",
    "Adhesive": "Permanent",
    "LineComment1": "deze informatie komt via Switch uit de xml van drukwerkdeal."
}