{
    "Description": "F3E6BEFD44",
    "ReferenceAtCustomer": "MD97AC7040",
    "Delivery": "2023-12-22",
    "OrderQuantity": 1000,
    "Quantity_per_roll": "",
    "UnitPrice": 38.8,
    "SupplierId": "Drukwerkdeal",
    "Name": "Oosterwijk",
    "Street": "Heuvelderweg 3",
    "Country": "NL",
    "PostalCode": "7383RE",
    "City": "Voorst",
    "Contacts": [
        {
            "LastName": "Oosterwijk",
            "FirstName": "Ard",
            "Initials": "",
            "Title": "",
            "PhoneNumber": "+31681240271",
            "FaxNumber": "",
            "GSMNumber": "",
            "Email": "ao@noaberingenieursbureau.nl",
            "Function": ""
        }
    ],
    "Width": "50,0",
    "Height": "25,0",
    "Shape": "Rectangle",
    "Winding": 2,
    "Radius": 2,
    "Premium_White": "N",
    "Substrate": "Adhesive Label Paper White Matt",
    "Adhesive": "Permanent",
    "LineComment1": "deze informatie komt via Switch uit de xml van drukwerkdeal."
}