{
    "Description": "FGAEB571BB",
    "ReferenceAtCustomer": "M4AG709B4E",
    "Delivery": "2023-12-22",
    "OrderQuantity": 4000,
    "Quantity_per_roll": "",
    "UnitPrice": 100.38,
    "SupplierId": "Drukwerkdeal",
    "Name": "slagerij wapenaar",
    "Street": "De Loper 73",
    "Country": "NL",
    "PostalCode": "3137DD",
    "City": "Vlaardingen",
    "Contacts": [
        {
            "LastName": "slagerij wapenaar",
            "FirstName": "culinaire",
            "Initials": "",
            "Title": "",
            "PhoneNumber": "+31104743822",
            "FaxNumber": "",
            "GSMNumber": "",
            "Email": "info@slagerijwapenaar.nl",
            "Function": ""
        }
    ],
    "Width": "52,0",
    "Height": "74,0",
    "Shape": "Rectangle",
    "Winding": 2,
    "Radius": 2,
    "Premium_White": "N",
    "Substrate": "Adhesive Polyethylene (pe) White Gloss",
    "Adhesive": "Permanent",
    "LineComment1": "deze informatie komt via Switch uit de xml van drukwerkdeal."
}