{
    "Description": "F1B18BG94B",
    "ReferenceAtCustomer": "MEF3HBAA84",
    "Delivery": "2023-12-22",
    "OrderQuantity": 10000,
    "Quantity_per_roll": "",
    "UnitPrice": 137.4,
    "SupplierId": "Drukwerkdeal",
    "Name": "Grijsen",
    "Street": "Galile\u00c3\u00afstraat 4",
    "Country": "NL",
    "PostalCode": "7131PE",
    "City": "Lichtenvoorde",
    "Contacts": [
        {
            "LastName": "Grijsen",
            "FirstName": "Peter",
            "Initials": "",
            "Title": "",
            "PhoneNumber": "+31631766673",
            "FaxNumber": "",
            "GSMNumber": "",
            "Email": "info@hottuning.nl",
            "Function": ""
        }
    ],
    "Width": "50,0",
    "Height": "50,0",
    "Shape": "Circle",
    "Winding": 2,
    "Radius": 0,
    "Premium_White": "N",
    "Substrate": "Adhesive Label Paper White Gloss",
    "Adhesive": "Permanent",
    "LineComment1": "deze informatie komt via Switch uit de xml van drukwerkdeal."
}