{
    "Description": "FZBDDD12E3",
    "ReferenceAtCustomer": "MZ2D1EB2B6",
    "Delivery": "2023-12-21",
    "OrderQuantity": 2000,
    "Quantity_per_roll": "",
    "UnitPrice": 47.11,
    "SupplierId": "Drukwerkdeal",
    "Name": "Lechner",
    "Street": "Kiebeukel 18",
    "Country": "NL",
    "PostalCode": "6271BJ",
    "City": "GULPEN",
    "Contacts": [
        {
            "LastName": "Lechner",
            "FirstName": "Michel",
            "Initials": "",
            "Title": "",
            "PhoneNumber": "+31641814100",
            "FaxNumber": "",
            "GSMNumber": "",
            "Email": "hallo@schenkerijbelge.nl",
            "Function": ""
        }
    ],
    "Width": "40,0",
    "Height": "40,0",
    "Shape": "Circle",
    "Winding": 2,
    "Radius": 0,
    "Premium_White": "N",
    "Substrate": "Adhesive Label Paper White Gloss",
    "Adhesive": "Permanent",
    "LineComment1": "deze informatie komt via Switch uit de xml van drukwerkdeal."
}