{
    "Description": "F23BCBEF6E",
    "ReferenceAtCustomer": "MZC2A3FB8H",
    "Delivery": "2023-12-19",
    "OrderQuantity": 1000,
    "Quantity_per_roll": "",
    "UnitPrice": 53.88,
    "SupplierId": "Drukwerkdeal",
    "Name": "Smeuninx",
    "Street": "17 Brialmontlei",
    "Country": "BE",
    "PostalCode": "2018",
    "City": "Antwerpen",
    "Contacts": [
        {
            "LastName": "Smeuninx",
            "FirstName": "Joris",
            "Initials": "",
            "Title": "",
            "PhoneNumber": "+32472436070",
            "FaxNumber": "",
            "GSMNumber": "",
            "Email": "joris@wolk-antwerp.com",
            "Function": ""
        }
    ],
    "Width": "100,0",
    "Height": "60,0",
    "Shape": "Rectangle",
    "Winding": 3,
    "Radius": 2,
    "Premium_White": "N",
    "Substrate": "Adhesive Label Paper White Matt",
    "Adhesive": "Permanent",
    "LineComment1": "deze informatie komt via Switch uit de xml van drukwerkdeal."
}