{
    "Description": "FZEHH2D63D",
    "ReferenceAtCustomer": "M5GH4B0D56",
    "Delivery": "2023-12-21",
    "OrderQuantity": 500,
    "Quantity_per_roll": "",
    "UnitPrice": 37.63,
    "SupplierId": "Drukwerkdeal",
    "Name": "Leenheer",
    "Street": "Provincialeweg 165",
    "Country": "NL",
    "PostalCode": "9865 AG",
    "City": "Opende",
    "Contacts": [
        {
            "LastName": "Leenheer",
            "FirstName": "Niels",
            "Initials": "",
            "Title": "",
            "PhoneNumber": "+31642617443",
            "FaxNumber": "",
            "GSMNumber": "",
            "Email": "niels@salonhub.nl",
            "Function": ""
        }
    ],
    "Width": "35,0",
    "Height": "60,0",
    "Shape": "Rectangle",
    "Winding": 1,
    "Radius": 2,
    "Premium_White": "N",
    "Substrate": "Adhesive Label Paper White Matt",
    "Adhesive": "Permanent",
    "LineComment1": "deze informatie komt via Switch uit de xml van drukwerkdeal."
}