{
    "Description": "FB257C19EC",
    "ReferenceAtCustomer": "MDCH51EBF3",
    "Delivery": "2023-12-20",
    "OrderQuantity": 3000,
    "Quantity_per_roll": "",
    "UnitPrice": 58.83,
    "SupplierId": "Drukwerkdeal",
    "Name": "Debuisson",
    "Street": "Bruggesteenweg 308",
    "Country": "BE",
    "PostalCode": "8830",
    "City": "Hooglede",
    "Contacts": [
        {
            "LastName": "Debuisson",
            "FirstName": "Vincent",
            "Initials": "",
            "Title": "",
            "PhoneNumber": "+3251792848",
            "FaxNumber": "",
            "GSMNumber": "",
            "Email": "contact@de-menage.be",
            "Function": ""
        }
    ],
    "Width": "40,0",
    "Height": "40,0",
    "Shape": "Circle",
    "Winding": 2,
    "Radius": 0,
    "Premium_White": "N",
    "Substrate": "Adhesive Polyethylene (pe) White Matte",
    "Adhesive": "Permanent",
    "LineComment1": "deze informatie komt via Switch uit de xml van drukwerkdeal."
}