{
    "Description": "FD37EE2635",
    "ReferenceAtCustomer": "M8H7EHD5B4",
    "Delivery": "2023-12-21",
    "OrderQuantity": 5000,
    "Quantity_per_roll": "",
    "UnitPrice": 146.1,
    "SupplierId": "Drukwerkdeal",
    "Name": "Alsalahi",
    "Street": "de Bolanden 7",
    "Country": "NL",
    "PostalCode": "7071 PW",
    "City": "Ulft",
    "Contacts": [
        {
            "LastName": "Alsalahi",
            "FirstName": "Alaa",
            "Initials": "",
            "Title": "",
            "PhoneNumber": "+491728022939",
            "FaxNumber": "",
            "GSMNumber": "",
            "Email": "info@noerkass.com",
            "Function": ""
        }
    ],
    "Width": "50,0",
    "Height": "150,0",
    "Shape": "Rectangle",
    "Winding": 2,
    "Radius": 2,
    "Premium_White": "N",
    "Substrate": "Adhesive Label Paper White Gloss",
    "Adhesive": "Permanent",
    "LineComment1": "deze informatie komt via Switch uit de xml van drukwerkdeal."
}