{
    "Description": "F739A68B6A",
    "ReferenceAtCustomer": "MGEC45H045",
    "Delivery": "2023-12-27",
    "OrderQuantity": 10000,
    "Quantity_per_roll": "",
    "UnitPrice": 88.68,
    "SupplierId": "Drukwerkdeal",
    "Name": "willem",
    "Street": "Vleeshouwerstraat 2",
    "Country": "NL",
    "PostalCode": "7411JN",
    "City": "DEVENTER",
    "Contacts": [
        {
            "LastName": "willem",
            "FirstName": "koning",
            "Initials": "",
            "Title": "",
            "PhoneNumber": "+31570614181",
            "FaxNumber": "",
            "GSMNumber": "",
            "Email": "info@koning-willem.com",
            "Function": ""
        }
    ],
    "Width": "40,0",
    "Height": "30,0",
    "Shape": "Rectangle",
    "Winding": 2,
    "Radius": 2,
    "Premium_White": "N",
    "Substrate": "Adhesive Label Paper White Matt",
    "Adhesive": "Permanent",
    "LineComment1": "deze informatie komt via Switch uit de xml van drukwerkdeal."
}