{
    "Description": "FF0DF4A1AC",
    "ReferenceAtCustomer": "M4055B788A",
    "Delivery": "2023-12-21",
    "OrderQuantity": 100,
    "Quantity_per_roll": "",
    "UnitPrice": 37.43,
    "SupplierId": "Drukwerkdeal",
    "Name": "Yaseen",
    "Street": "Kapellestraat 88",
    "Country": "BE",
    "PostalCode": "8020",
    "City": "Oostkamp",
    "Contacts": [
        {
            "LastName": "Yaseen",
            "FirstName": "Laila",
            "Initials": "",
            "Title": "",
            "PhoneNumber": "+32484291187",
            "FaxNumber": "",
            "GSMNumber": "",
            "Email": "info@aijowellness.be",
            "Function": ""
        }
    ],
    "Width": "210,0",
    "Height": "70,0",
    "Shape": "Rectangle",
    "Winding": 4,
    "Radius": 2,
    "Premium_White": "N",
    "Substrate": "Adhesive Label Paper White Gloss",
    "Adhesive": "Permanent",
    "LineComment1": "deze informatie komt via Switch uit de xml van drukwerkdeal."
}