{
    "Description": "F99161HF49",
    "ReferenceAtCustomer": "M89F882627",
    "Delivery": "2023-12-21",
    "OrderQuantity": 2000,
    "Quantity_per_roll": "",
    "UnitPrice": 37.7,
    "SupplierId": "Drukwerkdeal",
    "Name": "Noordover",
    "Street": "V Zuylen van Nijeveltstr 1 B",
    "Country": "NL",
    "PostalCode": "2242AH",
    "City": "WASSENAAR",
    "Contacts": [
        {
            "LastName": "Noordover",
            "FirstName": "Remi",
            "Initials": "",
            "Title": "",
            "PhoneNumber": "+31705175193",
            "FaxNumber": "",
            "GSMNumber": "",
            "Email": "kim@graphicsquare.nl",
            "Function": ""
        }
    ],
    "Width": "20,0",
    "Height": "20,0",
    "Shape": "Circle",
    "Winding": 2,
    "Radius": 0,
    "Premium_White": "N",
    "Substrate": "Paperwise White",
    "Adhesive": "Permanent",
    "LineComment1": "deze informatie komt via Switch uit de xml van drukwerkdeal."
}