{
    "Description": "FG36DD04H7",
    "ReferenceAtCustomer": "MBFG6GGGC8",
    "Delivery": "2023-12-22",
    "OrderQuantity": 1000,
    "Quantity_per_roll": "",
    "UnitPrice": 50.97,
    "SupplierId": "Drukwerkdeal",
    "Name": "Zwinkels",
    "Street": "James Wattlaan 23",
    "Country": "NL",
    "PostalCode": "5151DP",
    "City": "Drunen",
    "Contacts": [
        {
            "LastName": "Zwinkels",
            "FirstName": "Caroline",
            "Initials": "",
            "Title": "",
            "PhoneNumber": "+31765147596",
            "FaxNumber": "",
            "GSMNumber": "",
            "Email": "marty@operacd.nl",
            "Function": ""
        }
    ],
    "Width": "60,0",
    "Height": "60,0",
    "Shape": "Circle",
    "Winding": 2,
    "Radius": 0,
    "Premium_White": "N",
    "Substrate": "Paperwise White",
    "Adhesive": "Permanent",
    "LineComment1": "deze informatie komt via Switch uit de xml van drukwerkdeal."
}