{
    "Description": "F9G277G27H",
    "ReferenceAtCustomer": "MZ4AF9A00F",
    "Delivery": "2023-12-21",
    "OrderQuantity": 2000,
    "Quantity_per_roll": "",
    "UnitPrice": 50.22,
    "SupplierId": "Drukwerkdeal",
    "Name": "Happy",
    "Street": "Guldenstraat 16",
    "Country": "BE",
    "PostalCode": "2800",
    "City": "Mechelen",
    "Contacts": [
        {
            "LastName": "Happy",
            "FirstName": "Bake Someone",
            "Initials": "",
            "Title": "",
            "PhoneNumber": "+31 88 88 55 222",
            "FaxNumber": "",
            "GSMNumber": "",
            "Email": "admin@nikisbakery.be",
            "Function": ""
        }
    ],
    "Width": "40,0",
    "Height": "40,0",
    "Shape": "Circle",
    "Winding": 2,
    "Radius": 0,
    "Premium_White": "N",
    "Substrate": "Adhesive Polyethylene (pe) Clear Gloss",
    "Adhesive": "Permanent",
    "LineComment1": "deze informatie komt via Switch uit de xml van drukwerkdeal."
}