{
    "Description": "FD3356D09H",
    "ReferenceAtCustomer": "MAG51DA704",
    "Delivery": "2023-12-21",
    "OrderQuantity": 100,
    "Quantity_per_roll": "",
    "UnitPrice": 33.78,
    "SupplierId": "Drukwerkdeal",
    "Name": "Een Open Boek",
    "Street": "van Almondestraat 48",
    "Country": "NL",
    "PostalCode": "3267av",
    "City": "Goudswaard",
    "Contacts": [
        {
            "LastName": "Een Open Boek",
            "FirstName": "Mijn Hart",
            "Initials": "",
            "Title": "",
            "PhoneNumber": "0123456789",
            "FaxNumber": "",
            "GSMNumber": "",
            "Email": "janetjanett333@gmail.com",
            "Function": ""
        }
    ],
    "Width": "40,0",
    "Height": "40,0",
    "Shape": "Circle",
    "Winding": 1,
    "Radius": 0,
    "Premium_White": "N",
    "Substrate": "Adhesive Polyethylene (pe) White Gloss",
    "Adhesive": "Permanent",
    "LineComment1": "deze informatie komt via Switch uit de xml van drukwerkdeal."
}