{
    "Description": "F06A75G729",
    "ReferenceAtCustomer": "MAH6894BDA",
    "Delivery": "2023-12-21",
    "OrderQuantity": 10000,
    "Quantity_per_roll": "",
    "UnitPrice": 119.11,
    "SupplierId": "Drukwerkdeal",
    "Name": "Bergman",
    "Street": "Kuyerhuislaan 8d Kuyerhuislaan 8d",
    "Country": "NL",
    "PostalCode": "8025AS",
    "City": "Zwolle",
    "Contacts": [
        {
            "LastName": "Bergman",
            "FirstName": "Loes",
            "Initials": "",
            "Title": "",
            "PhoneNumber": "+31382001802",
            "FaxNumber": "",
            "GSMNumber": "",
            "Email": "atelier@dekasvankaat.nl",
            "Function": ""
        }
    ],
    "Width": "40,0",
    "Height": "40,0",
    "Shape": "Circle",
    "Winding": 2,
    "Radius": 0,
    "Premium_White": "N",
    "Substrate": "Adhesive Label Paper Kraft Brown",
    "Adhesive": "Permanent",
    "LineComment1": "deze informatie komt via Switch uit de xml van drukwerkdeal."
}