{
    "Description": "F6CDH7558B",
    "ReferenceAtCustomer": "MG27378477",
    "Delivery": "2023-12-27",
    "OrderQuantity": 1000,
    "Quantity_per_roll": "",
    "UnitPrice": 42.26,
    "SupplierId": "Drukwerkdeal",
    "Name": "Frederiks",
    "Street": "Oosteinderweg 380",
    "Country": "NL",
    "PostalCode": "1432 BG",
    "City": "Aalsmeer",
    "Contacts": [
        {
            "LastName": "Frederiks",
            "FirstName": "Ron",
            "Initials": "",
            "Title": "",
            "PhoneNumber": "+31610903138",
            "FaxNumber": "",
            "GSMNumber": "",
            "Email": "info@studio380.nl",
            "Function": ""
        }
    ],
    "Width": "60,0",
    "Height": "35,0",
    "Shape": "Rectangle",
    "Winding": 2,
    "Radius": 2,
    "Premium_White": "N",
    "Substrate": "Adhesive Label Paper White Gloss",
    "Adhesive": "Permanent",
    "LineComment1": "deze informatie komt via Switch uit de xml van drukwerkdeal."
}