{
    "Description": "F2G5458D7H",
    "ReferenceAtCustomer": "M6579CG9FG",
    "Delivery": "2023-12-27",
    "OrderQuantity": 1000,
    "Quantity_per_roll": "",
    "UnitPrice": 38.8,
    "SupplierId": "Drukwerkdeal",
    "Name": "Angeline Kommer",
    "Street": "De Diamant 2",
    "Country": "NL",
    "PostalCode": "2872ZZ",
    "City": "Schoonhoven",
    "Contacts": [
        {
            "LastName": "Angeline Kommer",
            "FirstName": "KlusWijs Kommer",
            "Initials": "",
            "Title": "",
            "PhoneNumber": "+31182320500",
            "FaxNumber": "",
            "GSMNumber": "",
            "Email": "elise@kommerkors.nl",
            "Function": ""
        }
    ],
    "Width": "50,0",
    "Height": "25,0",
    "Shape": "Rectangle",
    "Winding": 2,
    "Radius": 2,
    "Premium_White": "N",
    "Substrate": "Adhesive Label Paper White Gloss",
    "Adhesive": "Permanent",
    "LineComment1": "deze informatie komt via Switch uit de xml van drukwerkdeal."
}