{
    "Description": "FB458G2H0C",
    "ReferenceAtCustomer": "MFFF54FG0B",
    "Delivery": "2023-12-21",
    "OrderQuantity": 1000,
    "Quantity_per_roll": "",
    "UnitPrice": 69.49,
    "SupplierId": "Drukwerkdeal",
    "Name": "Overgoor",
    "Street": "Vennestraat 4",
    "Country": "NL",
    "PostalCode": "2161LE",
    "City": "LISSE",
    "Contacts": [
        {
            "LastName": "Overgoor",
            "FirstName": "Liselot",
            "Initials": "",
            "Title": "",
            "PhoneNumber": "0620889722",
            "FaxNumber": "",
            "GSMNumber": "",
            "Email": "administratie@houseofeinstein.com",
            "Function": ""
        }
    ],
    "Width": "110,0",
    "Height": "110,0",
    "Shape": "Circle",
    "Winding": 2,
    "Radius": 0,
    "Premium_White": "N",
    "Substrate": "Adhesive Label Paper White Gloss",
    "Adhesive": "Removable Adhesive Glue",
    "LineComment1": "deze informatie komt via Switch uit de xml van drukwerkdeal."
}