{
    "Description": "F6G9E309A3",
    "ReferenceAtCustomer": "MB2G082B1B",
    "Delivery": "2023-12-20",
    "OrderQuantity": 1000,
    "Quantity_per_roll": "",
    "UnitPrice": 38.8,
    "SupplierId": "Drukwerkdeal",
    "Name": "van der Have",
    "Street": "Alverstraat 3c",
    "Country": "NL",
    "PostalCode": "3192TM",
    "City": "Hoogvliet Rotterdam",
    "Contacts": [
        {
            "LastName": "van der Have",
            "FirstName": "Andre",
            "Initials": "",
            "Title": "",
            "PhoneNumber": "+31620100530",
            "FaxNumber": "",
            "GSMNumber": "",
            "Email": "andrevanderhave@hotmail.com",
            "Function": ""
        }
    ],
    "Width": "25,0",
    "Height": "50,0",
    "Shape": "Rectangle",
    "Winding": 1,
    "Radius": 2,
    "Premium_White": "N",
    "Substrate": "Adhesive Label Paper White Gloss",
    "Adhesive": "Permanent",
    "LineComment1": "deze informatie komt via Switch uit de xml van drukwerkdeal."
}