{
    "Description": "FC434381HF",
    "ReferenceAtCustomer": "MCA8GD183B",
    "Delivery": "2023-12-22",
    "OrderQuantity": 10000,
    "Quantity_per_roll": "",
    "UnitPrice": 122.24,
    "SupplierId": "Drukwerkdeal",
    "Name": "Reichenfeld",
    "Street": "Ernst Schumacherstraat 26",
    "Country": "NL",
    "PostalCode": "5237 BD",
    "City": "'s-Hertogenbosch",
    "Contacts": [
        {
            "LastName": "Reichenfeld",
            "FirstName": "Joop",
            "Initials": "",
            "Title": "",
            "PhoneNumber": "+31636306233",
            "FaxNumber": "",
            "GSMNumber": "",
            "Email": "joop@tuinjoop.com",
            "Function": ""
        }
    ],
    "Width": "40,0",
    "Height": "40,0",
    "Shape": "Circle",
    "Winding": 3,
    "Radius": 0,
    "Premium_White": "N",
    "Substrate": "Paperwise White",
    "Adhesive": "Permanent",
    "LineComment1": "deze informatie komt via Switch uit de xml van drukwerkdeal."
}