{
    "Description": "F9E859FEC1",
    "ReferenceAtCustomer": "M3FEH7G2AC",
    "Delivery": "2023-12-27",
    "OrderQuantity": 1000,
    "Quantity_per_roll": "",
    "UnitPrice": 46.09,
    "SupplierId": "Drukwerkdeal",
    "Name": "Noorman",
    "Street": "Jeltewei 2 A",
    "Country": "NL",
    "PostalCode": "8622XS",
    "City": "HOMMERTS",
    "Contacts": [
        {
            "LastName": "Noorman",
            "FirstName": "Eddy",
            "Initials": "",
            "Title": "",
            "PhoneNumber": "+31654283330",
            "FaxNumber": "",
            "GSMNumber": "",
            "Email": "info@linebyline.nl",
            "Function": ""
        }
    ],
    "Width": "50,0",
    "Height": "50,0",
    "Shape": "Circle",
    "Winding": 2,
    "Radius": 0,
    "Premium_White": "N",
    "Substrate": "Adhesive Label Paper Silver Gloss",
    "Adhesive": "Permanent",
    "LineComment1": "deze informatie komt via Switch uit de xml van drukwerkdeal."
}