{
    "Description": "F9EEA299FD",
    "ReferenceAtCustomer": "MFC77F031E",
    "Delivery": "2023-12-27",
    "OrderQuantity": 2000,
    "Quantity_per_roll": "",
    "UnitPrice": 72.15,
    "SupplierId": "Drukwerkdeal",
    "Name": "koekkoek",
    "Street": "De Sluis 21",
    "Country": "NL",
    "PostalCode": "7681KA",
    "City": "Vroomshoop",
    "Contacts": [
        {
            "LastName": "koekkoek",
            "FirstName": "mike",
            "Initials": "",
            "Title": "",
            "PhoneNumber": "+31546642509",
            "FaxNumber": "",
            "GSMNumber": "",
            "Email": "info@koekkoekvlees.nl",
            "Function": ""
        }
    ],
    "Width": "75,0",
    "Height": "75,0",
    "Shape": "Square",
    "Winding": 2,
    "Radius": 2,
    "Premium_White": "N",
    "Substrate": "Adhesive Label Paper White Gloss",
    "Adhesive": "Removable Adhesive Glue",
    "LineComment1": "deze informatie komt via Switch uit de xml van drukwerkdeal."
}