{
    "Description": "F8E3G0E183",
    "ReferenceAtCustomer": "MEHB242CA4",
    "Delivery": "2023-12-19",
    "OrderQuantity": 250,
    "Quantity_per_roll": "",
    "UnitPrice": 33.89,
    "SupplierId": "Drukwerkdeal",
    "Name": "CMM",
    "Street": "Oosteinde 1",
    "Country": "NL",
    "PostalCode": "2991 LG",
    "City": "Barendrecht",
    "Contacts": [
        {
            "LastName": "CMM",
            "FirstName": "T.A.V.",
            "Initials": "",
            "Title": "",
            "PhoneNumber": "0123456789",
            "FaxNumber": "",
            "GSMNumber": "",
            "Email": "finance@carecosmetics.nl",
            "Function": ""
        }
    ],
    "Width": "25,0",
    "Height": "25,0",
    "Shape": "Square",
    "Winding": 2,
    "Radius": 2,
    "Premium_White": "N",
    "Substrate": "Adhesive Polyethylene (pe) White Matte",
    "Adhesive": "Permanent",
    "LineComment1": "deze informatie komt via Switch uit de xml van drukwerkdeal."
}