{
    "Description": "FHG08GG983",
    "ReferenceAtCustomer": "ME5E873F97",
    "Delivery": "2023-12-20",
    "OrderQuantity": 2000,
    "Quantity_per_roll": "",
    "UnitPrice": 67.67,
    "SupplierId": "Drukwerkdeal",
    "Name": "Kwarten",
    "Street": "Eikstraat 7",
    "Country": "NL",
    "PostalCode": "3812ma",
    "City": "Amersfoort",
    "Contacts": [
        {
            "LastName": "Kwarten",
            "FirstName": "Karin",
            "Initials": "",
            "Title": "",
            "PhoneNumber": "+31611914984",
            "FaxNumber": "",
            "GSMNumber": "",
            "Email": "Karinkwarten@ziggo.nl",
            "Function": ""
        }
    ],
    "Width": "60,0",
    "Height": "60,0",
    "Shape": "Circle",
    "Winding": 2,
    "Radius": 0,
    "Premium_White": "N",
    "Substrate": "Adhesive Polyethylene (pe) White Matte",
    "Adhesive": "Permanent",
    "LineComment1": "deze informatie komt via Switch uit de xml van drukwerkdeal."
}