{
    "Description": "FZE4A1GF41",
    "ReferenceAtCustomer": "MZC3584CD3",
    "Delivery": "2023-12-27",
    "OrderQuantity": 500,
    "Quantity_per_roll": "",
    "UnitPrice": 37.71,
    "SupplierId": "Drukwerkdeal",
    "Name": "Joke ter Veldhuis",
    "Street": "Koeleplekstraat 19",
    "Country": "NL",
    "PostalCode": "6942 CW",
    "City": "Didam",
    "Contacts": [
        {
            "LastName": "Joke ter Veldhuis",
            "FirstName": "Lossen & Vasten",
            "Initials": "",
            "Title": "",
            "PhoneNumber": "+31627476574",
            "FaxNumber": "",
            "GSMNumber": "",
            "Email": "info@lossenenvasten.nl",
            "Function": ""
        }
    ],
    "Width": "50,0",
    "Height": "35,0",
    "Shape": "Rectangle",
    "Winding": 2,
    "Radius": 2,
    "Premium_White": "N",
    "Substrate": "Adhesive Polyethylene (pe) White Matte",
    "Adhesive": "Permanent",
    "LineComment1": "deze informatie komt via Switch uit de xml van drukwerkdeal."
}