{
    "Description": "F32413H226",
    "ReferenceAtCustomer": "MH78764A40",
    "Delivery": "2023-12-20",
    "OrderQuantity": 250,
    "Quantity_per_roll": "",
    "UnitPrice": 51.33,
    "SupplierId": "Drukwerkdeal",
    "Name": "Berkhout-Slegt",
    "Street": "Rijksstraatweg 41",
    "Country": "NL",
    "PostalCode": "2988BA",
    "City": "Ridderkerk",
    "Contacts": [
        {
            "LastName": "Berkhout-Slegt",
            "FirstName": "Vanessa",
            "Initials": "",
            "Title": "",
            "PhoneNumber": "+31641239751",
            "FaxNumber": "",
            "GSMNumber": "",
            "Email": "vanessa.slegt@me.com",
            "Function": ""
        }
    ],
    "Width": "148,0",
    "Height": "148,0",
    "Shape": "Circle",
    "Winding": 2,
    "Radius": 0,
    "Premium_White": "N",
    "Substrate": "Adhesive Polyethylene (pe) White Gloss",
    "Adhesive": "Permanent",
    "LineComment1": "deze informatie komt via Switch uit de xml van drukwerkdeal."
}