{
    "Description": "FE85A0F5A6",
    "ReferenceAtCustomer": "M03H7C40BE",
    "Delivery": "2023-12-27",
    "OrderQuantity": 250,
    "Quantity_per_roll": "",
    "UnitPrice": 36.3,
    "SupplierId": "Drukwerkdeal",
    "Name": "Maritz",
    "Street": "Beechavenue 30 2",
    "Country": "NL",
    "PostalCode": "1119PV",
    "City": "Schiphol-Rijk",
    "Contacts": [
        {
            "LastName": "Maritz",
            "FirstName": "Stefan",
            "Initials": "",
            "Title": "",
            "PhoneNumber": "+31621566940",
            "FaxNumber": "",
            "GSMNumber": "",
            "Email": "stefan.maritz@blackbear.global",
            "Function": ""
        }
    ],
    "Width": "50,0",
    "Height": "50,0",
    "Shape": "Circle",
    "Winding": 2,
    "Radius": 0,
    "Premium_White": "N",
    "Substrate": "Paperwise White",
    "Adhesive": "Permanent",
    "LineComment1": "deze informatie komt via Switch uit de xml van drukwerkdeal."
}