{
    "Description": "F0HFF6BA5E",
    "ReferenceAtCustomer": "M2EFB5BF76",
    "Delivery": "2023-12-27",
    "OrderQuantity": 500,
    "Quantity_per_roll": "",
    "UnitPrice": 37.46,
    "SupplierId": "Drukwerkdeal",
    "Name": "Sietsma",
    "Street": "Spoorweglaan 18",
    "Country": "NL",
    "PostalCode": "6221 BS",
    "City": "Maastricht",
    "Contacts": [
        {
            "LastName": "Sietsma",
            "FirstName": "Jesse",
            "Initials": "",
            "Title": "",
            "PhoneNumber": "+31 88 88 55 222",
            "FaxNumber": "",
            "GSMNumber": "",
            "Email": null,
            "Function": ""
        }
    ],
    "Width": "45,0",
    "Height": "45,0",
    "Shape": "Circle",
    "Winding": 2,
    "Radius": 0,
    "Premium_White": "N",
    "Substrate": "Adhesive Label Paper White Gloss",
    "Adhesive": "Removable Adhesive Glue",
    "LineComment1": "deze informatie komt via Switch uit de xml van drukwerkdeal."
}