{
    "Description": "FD14HGB376",
    "ReferenceAtCustomer": "M5B7DEB4E3",
    "Delivery": "2023-12-15",
    "OrderQuantity": 1000,
    "Quantity_per_roll": "",
    "UnitPrice": 39.8,
    "SupplierId": "Drukwerkdeal",
    "Name": "van Veen",
    "Street": "Zekkenstraat 19",
    "Country": "NL",
    "PostalCode": "3151XP",
    "City": "Hoek van Holland",
    "Contacts": [
        {
            "LastName": "van Veen",
            "FirstName": "Bas",
            "Initials": "",
            "Title": "",
            "PhoneNumber": "+31174386641",
            "FaxNumber": "",
            "GSMNumber": "",
            "Email": "bas@alhadra.nl",
            "Function": ""
        }
    ],
    "Width": "30,0",
    "Height": "40,0",
    "Shape": "Rectangle",
    "Winding": 2,
    "Radius": 2,
    "Premium_White": "N",
    "Substrate": "Adhesive Polyethylene (pe) Clear Gloss",
    "Adhesive": "Permanent",
    "LineComment1": "deze informatie komt via Switch uit de xml van drukwerkdeal."
}