{
    "Description": "F99C15CAC1",
    "ReferenceAtCustomer": "M5G3EAG2CG",
    "Delivery": "2023-12-21",
    "OrderQuantity": 1000,
    "Quantity_per_roll": "",
    "UnitPrice": 40.05,
    "SupplierId": "Drukwerkdeal",
    "Name": "Scheper",
    "Street": "De Eglantier 142",
    "Country": "NL",
    "PostalCode": "7329 DD",
    "City": "Apeldoorn",
    "Contacts": [
        {
            "LastName": "Scheper",
            "FirstName": "Inez",
            "Initials": "",
            "Title": "",
            "PhoneNumber": "0123456789",
            "FaxNumber": "",
            "GSMNumber": "",
            "Email": "null",
            "Function": ""
        }
    ],
    "Width": "40,0",
    "Height": "40,0",
    "Shape": "Circle",
    "Winding": 2,
    "Radius": 0,
    "Premium_White": "N",
    "Substrate": "Adhesive Label Paper White Gloss",
    "Adhesive": "Permanent",
    "LineComment1": "deze informatie komt via Switch uit de xml van drukwerkdeal."
}