{
    "Description": "FDFCG09408",
    "ReferenceAtCustomer": "M8DFF43CFE",
    "Delivery": "2023-12-27",
    "OrderQuantity": 500,
    "Quantity_per_roll": "",
    "UnitPrice": 35.09,
    "SupplierId": "Drukwerkdeal",
    "Name": "Russchen",
    "Street": "Stellingmolen 23",
    "Country": "NL",
    "PostalCode": "3642 za",
    "City": "Mijdrecht",
    "Contacts": [
        {
            "LastName": "Russchen",
            "FirstName": "Sven",
            "Initials": "",
            "Title": "",
            "PhoneNumber": "+31621364730",
            "FaxNumber": "",
            "GSMNumber": "",
            "Email": "sven@grandcafelabase.nl",
            "Function": ""
        }
    ],
    "Width": "30,0",
    "Height": "30,0",
    "Shape": "Circle",
    "Winding": 2,
    "Radius": 0,
    "Premium_White": "N",
    "Substrate": "Adhesive Label Paper White Gloss",
    "Adhesive": "Permanent",
    "LineComment1": "deze informatie komt via Switch uit de xml van drukwerkdeal."
}