{
    "Description": "F568H88B6H",
    "ReferenceAtCustomer": "MD374E3CG9",
    "Delivery": "2023-12-20",
    "OrderQuantity": 2000,
    "Quantity_per_roll": "",
    "UnitPrice": 43.57,
    "SupplierId": "Drukwerkdeal",
    "Name": "Marks",
    "Street": "Moutzdijkweg 54",
    "Country": "NL",
    "PostalCode": "5926RN",
    "City": "Venlo",
    "Contacts": [
        {
            "LastName": "Marks",
            "FirstName": "Folker",
            "Initials": "",
            "Title": "",
            "PhoneNumber": "+31628236410",
            "FaxNumber": "",
            "GSMNumber": "",
            "Email": "folker@dekleinelama.nl",
            "Function": ""
        }
    ],
    "Width": "30,0",
    "Height": "30,0",
    "Shape": "Circle",
    "Winding": 2,
    "Radius": 0,
    "Premium_White": "N",
    "Substrate": "Paperwise White",
    "Adhesive": "Permanent",
    "LineComment1": "deze informatie komt via Switch uit de xml van drukwerkdeal."
}