{
    "Description": "F28382G399",
    "ReferenceAtCustomer": "M48844B82A",
    "Delivery": "2023-12-27",
    "OrderQuantity": 5000,
    "Quantity_per_roll": "",
    "UnitPrice": 68.41,
    "SupplierId": "Drukwerkdeal",
    "Name": "Berghuis",
    "Street": "Bathoorn 4B",
    "Country": "NL",
    "PostalCode": "9411SE",
    "City": "Beilen",
    "Contacts": [
        {
            "LastName": "Berghuis",
            "FirstName": "Rutger",
            "Initials": "",
            "Title": "",
            "PhoneNumber": "+31593746010",
            "FaxNumber": "",
            "GSMNumber": "",
            "Email": "rutger@disnet.nl",
            "Function": ""
        }
    ],
    "Width": "50,0",
    "Height": "25,0",
    "Shape": "Rectangle",
    "Winding": 2,
    "Radius": 2,
    "Premium_White": "N",
    "Substrate": "Adhesive Polyethylene (pe) White Matte",
    "Adhesive": "Permanent",
    "LineComment1": "deze informatie komt via Switch uit de xml van drukwerkdeal."
}