{
    "Description": "F7B0CHED74",
    "ReferenceAtCustomer": "MZD448BE01",
    "Delivery": "2023-12-27",
    "OrderQuantity": 1000,
    "Quantity_per_roll": "",
    "UnitPrice": 37.18,
    "SupplierId": "Drukwerkdeal",
    "Name": "Vogels",
    "Street": "Fangorn 17",
    "Country": "NL",
    "PostalCode": "5661AJ",
    "City": "Geldrop",
    "Contacts": [
        {
            "LastName": "Vogels",
            "FirstName": "Margot",
            "Initials": "",
            "Title": "",
            "PhoneNumber": "+31629075377",
            "FaxNumber": "",
            "GSMNumber": "",
            "Email": "info@marody.nl",
            "Function": ""
        }
    ],
    "Width": "30,0",
    "Height": "30,0",
    "Shape": "Circle",
    "Winding": 2,
    "Radius": 0,
    "Premium_White": "N",
    "Substrate": "Adhesive Label Paper White Matt",
    "Adhesive": "Permanent",
    "LineComment1": "deze informatie komt via Switch uit de xml van drukwerkdeal."
}