{
    "Description": "F37D58GBFE",
    "ReferenceAtCustomer": "MEH92H9B8F",
    "Delivery": "2023-12-26",
    "OrderQuantity": 750,
    "Quantity_per_roll": "",
    "UnitPrice": 38.29,
    "SupplierId": "Drukwerkdeal",
    "Name": "Raoux",
    "Street": "Rue Moonens 30",
    "Country": "BE",
    "PostalCode": "1200",
    "City": "Woluwe-Saint-Lambert",
    "Contacts": [
        {
            "LastName": "Raoux",
            "FirstName": "Morgane",
            "Initials": "",
            "Title": "",
            "PhoneNumber": "0123456789",
            "FaxNumber": "",
            "GSMNumber": "",
            "Email": "madame.clarinette@yahoo.fr",
            "Function": ""
        }
    ],
    "Width": "40,0",
    "Height": "40,0",
    "Shape": "Circle",
    "Winding": 2,
    "Radius": 0,
    "Premium_White": "N",
    "Substrate": "Adhesive Label Paper White Gloss",
    "Adhesive": "Permanent",
    "LineComment1": "deze informatie komt via Switch uit de xml van drukwerkdeal."
}