{
    "Description": "F969E922BG",
    "ReferenceAtCustomer": "M5H3AF3243",
    "Delivery": "2023-12-27",
    "OrderQuantity": 10000,
    "Quantity_per_roll": "",
    "UnitPrice": 51.56,
    "SupplierId": "Drukwerkdeal",
    "Name": "ammersdorffer",
    "Street": "Speelveld 1",
    "Country": "NL",
    "PostalCode": "5131 aw",
    "City": "Alphen",
    "Contacts": [
        {
            "LastName": "ammersdorffer",
            "FirstName": "nick",
            "Initials": "",
            "Title": "",
            "PhoneNumber": "+31624817979",
            "FaxNumber": "",
            "GSMNumber": "",
            "Email": "info@nafitness.nl",
            "Function": ""
        }
    ],
    "Width": "20,0",
    "Height": "20,0",
    "Shape": "Square",
    "Winding": 2,
    "Radius": 2,
    "Premium_White": "N",
    "Substrate": "Adhesive Label Paper White Gloss",
    "Adhesive": "Permanent",
    "LineComment1": "deze informatie komt via Switch uit de xml van drukwerkdeal."
}