{
    "Description": "FFH0H70482",
    "ReferenceAtCustomer": "M44CABH0EF",
    "Delivery": "2023-12-21",
    "OrderQuantity": 1000,
    "Quantity_per_roll": "",
    "UnitPrice": 40.05,
    "SupplierId": "Drukwerkdeal",
    "Name": "van Rens",
    "Street": "Ringovenstraat 12",
    "Country": "NL",
    "PostalCode": "5981AL",
    "City": "PANNINGEN",
    "Contacts": [
        {
            "LastName": "van Rens",
            "FirstName": "Denny",
            "Initials": "",
            "Title": "",
            "PhoneNumber": "+31475577712",
            "FaxNumber": "",
            "GSMNumber": "",
            "Email": "facturen@daelzicht.nl",
            "Function": ""
        }
    ],
    "Width": "40,0",
    "Height": "40,0",
    "Shape": "Circle",
    "Winding": 2,
    "Radius": 0,
    "Premium_White": "N",
    "Substrate": "Adhesive Label Paper White Matt",
    "Adhesive": "Removable Adhesive Glue",
    "LineComment1": "deze informatie komt via Switch uit de xml van drukwerkdeal."
}