{
    "Description": "FH38CC3249",
    "ReferenceAtCustomer": "MCFF2C4C41",
    "Delivery": "2023-12-21",
    "OrderQuantity": 2000,
    "Quantity_per_roll": "",
    "UnitPrice": 80.8,
    "SupplierId": "Drukwerkdeal",
    "Name": "Hemminga",
    "Street": "Bornego 41A",
    "Country": "NL",
    "PostalCode": "8449ec",
    "City": "Terband",
    "Contacts": [
        {
            "LastName": "Hemminga",
            "FirstName": "Kees",
            "Initials": "",
            "Title": "",
            "PhoneNumber": "+31653224957",
            "FaxNumber": "",
            "GSMNumber": "",
            "Email": "zuivellokaal@gmail.com",
            "Function": ""
        }
    ],
    "Width": "75,0",
    "Height": "75,0",
    "Shape": "Square",
    "Winding": 4,
    "Radius": 2,
    "Premium_White": "N",
    "Substrate": "Adhesive Polyethylene (pe) Clear Gloss",
    "Adhesive": "Permanent",
    "LineComment1": "deze informatie komt via Switch uit de xml van drukwerkdeal."
}