{
    "Description": "FF76A007D0",
    "ReferenceAtCustomer": "M5H1DA70DG",
    "Delivery": "2023-12-21",
    "OrderQuantity": 1000,
    "Quantity_per_roll": "",
    "UnitPrice": 50.7,
    "SupplierId": "Drukwerkdeal",
    "Name": "Vera Bouwhuis",
    "Street": "Oude Kerkstraat 37",
    "Country": "NL",
    "PostalCode": "5507LB",
    "City": "Veldhoven",
    "Contacts": [
        {
            "LastName": "Vera Bouwhuis",
            "FirstName": "Bij Veraz",
            "Initials": "",
            "Title": "",
            "PhoneNumber": "0627374132",
            "FaxNumber": "",
            "GSMNumber": "",
            "Email": "info@bijveraz.nl",
            "Function": ""
        }
    ],
    "Width": "105,0",
    "Height": "35,0",
    "Shape": "Rectangle",
    "Winding": 1,
    "Radius": 2,
    "Premium_White": "N",
    "Substrate": "Adhesive Polyethylene (pe) Clear Gloss",
    "Adhesive": "Permanent",
    "LineComment1": "deze informatie komt via Switch uit de xml van drukwerkdeal."
}