{
    "Description": "FEH0E3ACC5",
    "ReferenceAtCustomer": "M1DDCD1CF6",
    "Delivery": "2023-12-21",
    "OrderQuantity": 250,
    "Quantity_per_roll": "",
    "UnitPrice": 36.19,
    "SupplierId": "Drukwerkdeal",
    "Name": "Lekatompessy-Jochems",
    "Street": "Bredaseweg 54",
    "Country": "NL",
    "PostalCode": "4882DG",
    "City": "KLEIN ZUNDERT",
    "Contacts": [
        {
            "LastName": "Lekatompessy-Jochems",
            "FirstName": "Rina",
            "Initials": "",
            "Title": "",
            "PhoneNumber": "0646744380",
            "FaxNumber": "",
            "GSMNumber": "",
            "Email": "welkom@odado.nl",
            "Function": ""
        }
    ],
    "Width": "50,0",
    "Height": "50,0",
    "Shape": "Circle",
    "Winding": 2,
    "Radius": 0,
    "Premium_White": "N",
    "Substrate": "Adhesive Label Paper Kraft Brown",
    "Adhesive": "Permanent",
    "LineComment1": "deze informatie komt via Switch uit de xml van drukwerkdeal."
}