{
    "Description": "FZ8G576E48",
    "ReferenceAtCustomer": "MAH66C9HE6",
    "Delivery": "2023-12-22",
    "OrderQuantity": 1000,
    "Quantity_per_roll": "",
    "UnitPrice": 52.58,
    "SupplierId": "Drukwerkdeal",
    "Name": "Glenny Tahapary",
    "Street": "Oude Markt 14",
    "Country": "NL",
    "PostalCode": "5038TJ",
    "City": "Tilburg",
    "Contacts": [
        {
            "LastName": "Glenny Tahapary",
            "FirstName": "MERAKI TILBURG BV",
            "Initials": "",
            "Title": "",
            "PhoneNumber": "+31629119507",
            "FaxNumber": "",
            "GSMNumber": "",
            "Email": "glenny@tfgtilburg.com",
            "Function": ""
        }
    ],
    "Width": "75,0",
    "Height": "75,0",
    "Shape": "Circle",
    "Winding": 2,
    "Radius": 0,
    "Premium_White": "N",
    "Substrate": "Adhesive Label Paper White Gloss",
    "Adhesive": "Permanent",
    "LineComment1": "deze informatie komt via Switch uit de xml van drukwerkdeal."
}