{
    "Description": "FDGCB87C68",
    "ReferenceAtCustomer": "MCC344B4B8",
    "Delivery": "2023-12-27",
    "OrderQuantity": 2000,
    "Quantity_per_roll": "",
    "UnitPrice": 122.83,
    "SupplierId": "Drukwerkdeal",
    "Name": "Dassen",
    "Street": "Waardeel 2",
    "Country": "NL",
    "PostalCode": "8431 ND",
    "City": "Oosterwolde",
    "Contacts": [
        {
            "LastName": "Dassen",
            "FirstName": "Jorne",
            "Initials": "",
            "Title": "",
            "PhoneNumber": "+31642206389",
            "FaxNumber": "",
            "GSMNumber": "",
            "Email": "jorne@werkenmetmerken.nl",
            "Function": ""
        }
    ],
    "Width": "146,0",
    "Height": "102,0",
    "Shape": "Rectangle",
    "Winding": 3,
    "Radius": 2,
    "Premium_White": "N",
    "Substrate": "Adhesive Label Paper White Gloss",
    "Adhesive": "Permanent",
    "LineComment1": "deze informatie komt via Switch uit de xml van drukwerkdeal."
}