{
    "Description": "FG4HD77A76",
    "ReferenceAtCustomer": "M97H71H3C1",
    "Delivery": "2023-12-27",
    "OrderQuantity": 10000,
    "Quantity_per_roll": "",
    "UnitPrice": 111.28,
    "SupplierId": "Drukwerkdeal",
    "Name": "J. van Leur",
    "Street": "Maasstraat 63",
    "Country": "NL",
    "PostalCode": "1078HD",
    "City": "Amsterdam",
    "Contacts": [
        {
            "LastName": "J. van Leur",
            "FirstName": "IJsland",
            "Initials": "",
            "Title": "",
            "PhoneNumber": "+31626554750",
            "FaxNumber": "",
            "GSMNumber": "",
            "Email": "jasonvanleur@gmail.com",
            "Function": ""
        }
    ],
    "Width": "40,0",
    "Height": "40,0",
    "Shape": "Circle",
    "Winding": 1,
    "Radius": 0,
    "Premium_White": "N",
    "Substrate": "Adhesive Polyethylene (pe) White Gloss",
    "Adhesive": "Permanent",
    "LineComment1": "deze informatie komt via Switch uit de xml van drukwerkdeal."
}