{
    "Description": "FAHB84HAG9",
    "ReferenceAtCustomer": "M62D40AE93",
    "Delivery": "2023-12-26",
    "OrderQuantity": 500,
    "Quantity_per_roll": "",
    "UnitPrice": 40.88,
    "SupplierId": "Drukwerkdeal",
    "Name": "Kris Pieters",
    "Street": "Ijzerenwaag 12a",
    "Country": "BE",
    "PostalCode": "2000",
    "City": "Antwerpen",
    "Contacts": [
        {
            "LastName": "Kris Pieters",
            "FirstName": "Kris Victor",
            "Initials": "",
            "Title": "",
            "PhoneNumber": "+32468178825",
            "FaxNumber": "",
            "GSMNumber": "",
            "Email": "retail@victors.be",
            "Function": ""
        }
    ],
    "Width": "60,0",
    "Height": "60,0",
    "Shape": "Square",
    "Winding": 2,
    "Radius": 2,
    "Premium_White": "N",
    "Substrate": "Adhesive Polyethylene (pe) White Gloss",
    "Adhesive": "Permanent",
    "LineComment1": "deze informatie komt via Switch uit de xml van drukwerkdeal."
}