{
    "Description": "F4GG855786",
    "ReferenceAtCustomer": "M3H3215E28",
    "Delivery": "2023-12-15",
    "OrderQuantity": 100,
    "Quantity_per_roll": "",
    "UnitPrice": 36.02,
    "SupplierId": "Drukwerkdeal",
    "Name": "Eefke Toersche",
    "Street": "Holsteinstraat 4",
    "Country": "NL",
    "PostalCode": "8028 RT",
    "City": "Zwolle",
    "Contacts": [
        {
            "LastName": "Eefke Toersche",
            "FirstName": "BONFIX B.V.",
            "Initials": "",
            "Title": "",
            "PhoneNumber": "0123456789",
            "FaxNumber": "",
            "GSMNumber": "",
            "Email": "dtp@bonfix.nl",
            "Function": ""
        }
    ],
    "Width": "95,0",
    "Height": "95,0",
    "Shape": "Circle",
    "Winding": 2,
    "Radius": 0,
    "Premium_White": "N",
    "Substrate": "Adhesive Polyethylene (pe) White Gloss",
    "Adhesive": "Permanent",
    "LineComment1": "deze informatie komt via Switch uit de xml van drukwerkdeal."
}