{
    "Description": "F619ECGC3C",
    "ReferenceAtCustomer": "MA88ABD203",
    "Delivery": "2023-12-27",
    "OrderQuantity": 500,
    "Quantity_per_roll": "",
    "UnitPrice": 37.46,
    "SupplierId": "Drukwerkdeal",
    "Name": "Voss",
    "Street": "Gageldijk 3",
    "Country": "NL",
    "PostalCode": "3566ME",
    "City": "UTRECHT",
    "Contacts": [
        {
            "LastName": "Voss",
            "FirstName": "Lo\u00c3\u00afs",
            "Initials": "",
            "Title": "",
            "PhoneNumber": "030 782 0680",
            "FaxNumber": "",
            "GSMNumber": "",
            "Email": "facturen@steckutrecht.nl",
            "Function": ""
        }
    ],
    "Width": "45,0",
    "Height": "45,0",
    "Shape": "Circle",
    "Winding": 2,
    "Radius": 0,
    "Premium_White": "N",
    "Substrate": "Adhesive Label Paper White Gloss",
    "Adhesive": "Permanent",
    "LineComment1": "deze informatie komt via Switch uit de xml van drukwerkdeal."
}