{
    "Description": "F3A1H040CD",
    "ReferenceAtCustomer": "M4705H4A54",
    "Delivery": "2023-12-20",
    "OrderQuantity": 1000,
    "Quantity_per_roll": "",
    "UnitPrice": 69.25,
    "SupplierId": "Drukwerkdeal",
    "Name": "van Leeuwen",
    "Street": "Ketelhavenstraat 163",
    "Country": "NL",
    "PostalCode": "5045NG",
    "City": "Tilburg",
    "Contacts": [
        {
            "LastName": "van Leeuwen",
            "FirstName": "Miranda",
            "Initials": "",
            "Title": "",
            "PhoneNumber": "+31652683485",
            "FaxNumber": "",
            "GSMNumber": "",
            "Email": "info@thehappiness.store",
            "Function": ""
        }
    ],
    "Width": "95,0",
    "Height": "95,0",
    "Shape": "Circle",
    "Winding": 2,
    "Radius": 0,
    "Premium_White": "N",
    "Substrate": "Eco Adhesive Natureflex White Gloss",
    "Adhesive": "Permanent",
    "LineComment1": "deze informatie komt via Switch uit de xml van drukwerkdeal."
}