{
    "Description": "F6E7EEAE7H",
    "ReferenceAtCustomer": "MFGB17EEE9",
    "Delivery": "2023-12-20",
    "OrderQuantity": 6000,
    "Quantity_per_roll": "",
    "UnitPrice": 71.62,
    "SupplierId": "Drukwerkdeal",
    "Name": "Kayleigh Martens",
    "Street": "Spoorstraat 61",
    "Country": "NL",
    "PostalCode": "5865 AG",
    "City": "Tienray",
    "Contacts": [
        {
            "LastName": "Kayleigh Martens",
            "FirstName": "Tegel & Sanitair Outlet Tienray",
            "Initials": "",
            "Title": "",
            "PhoneNumber": "+31611281871",
            "FaxNumber": "",
            "GSMNumber": "",
            "Email": "marketing@tegel-outlet.com",
            "Function": ""
        }
    ],
    "Width": "50,0",
    "Height": "25,0",
    "Shape": "Rectangle",
    "Winding": 2,
    "Radius": 2,
    "Premium_White": "N",
    "Substrate": "Adhesive Label Paper Fluor Orange",
    "Adhesive": "Permanent",
    "LineComment1": "deze informatie komt via Switch uit de xml van drukwerkdeal."
}