{
    "Description": "F1924675HD",
    "ReferenceAtCustomer": "M2HE36B41D",
    "Delivery": "2023-12-20",
    "OrderQuantity": 500,
    "Quantity_per_roll": "",
    "UnitPrice": 36.53,
    "SupplierId": "Drukwerkdeal",
    "Name": "Sulmon",
    "Street": "Otegemstraat 5",
    "Country": "BE",
    "PostalCode": "8550",
    "City": "Zwevegem",
    "Contacts": [
        {
            "LastName": "Sulmon",
            "FirstName": "Charlotte",
            "Initials": "",
            "Title": "",
            "PhoneNumber": "0123456789",
            "FaxNumber": "",
            "GSMNumber": "",
            "Email": "info@apotheeksulmon.be",
            "Function": ""
        }
    ],
    "Width": "40,0",
    "Height": "40,0",
    "Shape": "Circle",
    "Winding": 2,
    "Radius": 0,
    "Premium_White": "N",
    "Substrate": "Adhesive Label Paper White Matt",
    "Adhesive": "Permanent",
    "LineComment1": "deze informatie komt via Switch uit de xml van drukwerkdeal."
}