{
    "Description": "F6E9B65BED",
    "ReferenceAtCustomer": "M3G245AAAC",
    "Delivery": "2023-12-22",
    "OrderQuantity": 10000,
    "Quantity_per_roll": "",
    "UnitPrice": 103.53,
    "SupplierId": "Drukwerkdeal",
    "Name": "Hoogendoorn",
    "Street": "Kerkweg 20",
    "Country": "NL",
    "PostalCode": "2941BM",
    "City": "LEKKERKERK",
    "Contacts": [
        {
            "LastName": "Hoogendoorn",
            "FirstName": "William",
            "Initials": "",
            "Title": "",
            "PhoneNumber": "+31612426433",
            "FaxNumber": "",
            "GSMNumber": "",
            "Email": "williamhoogendoorn@gmail.com",
            "Function": ""
        }
    ],
    "Width": "40,0",
    "Height": "40,0",
    "Shape": "Circle",
    "Winding": 2,
    "Radius": 0,
    "Premium_White": "N",
    "Substrate": "Adhesive Label Paper White Gloss",
    "Adhesive": "Permanent",
    "LineComment1": "deze informatie komt via Switch uit de xml van drukwerkdeal."
}