{
    "Description": "FB66477DFD",
    "ReferenceAtCustomer": "M0FBF15HFE",
    "Delivery": "2023-12-27",
    "OrderQuantity": 1000,
    "Quantity_per_roll": "",
    "UnitPrice": 34.86,
    "SupplierId": "Drukwerkdeal",
    "Name": "Walstra",
    "Street": "Verlengde Oostend 20",
    "Country": "NL",
    "PostalCode": "8748AR",
    "City": "Witmarsum",
    "Contacts": [
        {
            "LastName": "Walstra",
            "FirstName": "Carla",
            "Initials": "",
            "Title": "",
            "PhoneNumber": "+31630396694",
            "FaxNumber": "",
            "GSMNumber": "",
            "Email": "info@debiosalon.nl",
            "Function": ""
        }
    ],
    "Width": "20,0",
    "Height": "20,0",
    "Shape": "Circle",
    "Winding": 2,
    "Radius": 0,
    "Premium_White": "N",
    "Substrate": "Adhesive Label Paper White Matt",
    "Adhesive": "Permanent",
    "LineComment1": "deze informatie komt via Switch uit de xml van drukwerkdeal."
}