{
    "Description": "F697E41H2F",
    "ReferenceAtCustomer": "M123F8EG61",
    "Delivery": "2023-12-21",
    "OrderQuantity": 100,
    "Quantity_per_roll": "",
    "UnitPrice": 35.72,
    "SupplierId": "Drukwerkdeal",
    "Name": "Bofarid",
    "Street": "Europalaan 40",
    "Country": "NL",
    "PostalCode": "3526KS",
    "City": "Utrecht",
    "Contacts": [
        {
            "LastName": "Bofarid",
            "FirstName": "Salahodin",
            "Initials": "",
            "Title": "",
            "PhoneNumber": "+31302081823",
            "FaxNumber": "",
            "GSMNumber": "",
            "Email": "info@uwzorgbemiddelaar.nl",
            "Function": ""
        }
    ],
    "Width": "95,0",
    "Height": "95,0",
    "Shape": "Circle",
    "Winding": 2,
    "Radius": 0,
    "Premium_White": "N",
    "Substrate": "Adhesive Label Paper White Gloss",
    "Adhesive": "Permanent",
    "LineComment1": "deze informatie komt via Switch uit de xml van drukwerkdeal."
}