{
    "Description": "FG159434FC",
    "ReferenceAtCustomer": "M78217EBF8",
    "Delivery": "2023-12-21",
    "OrderQuantity": 500,
    "Quantity_per_roll": "",
    "UnitPrice": 36.91,
    "SupplierId": "Drukwerkdeal",
    "Name": "Sinnaeve",
    "Street": "Snoekstraat 9",
    "Country": "BE",
    "PostalCode": "8820",
    "City": "Torhout",
    "Contacts": [
        {
            "LastName": "Sinnaeve",
            "FirstName": "Kris",
            "Initials": "",
            "Title": "",
            "PhoneNumber": "+32477676517",
            "FaxNumber": "",
            "GSMNumber": "",
            "Email": "kris.sinnaeve@telenet.be",
            "Function": ""
        }
    ],
    "Width": "40,0",
    "Height": "40,0",
    "Shape": "Circle",
    "Winding": 2,
    "Radius": 0,
    "Premium_White": "N",
    "Substrate": "Adhesive Polyethylene (pe) White Gloss",
    "Adhesive": "Permanent",
    "LineComment1": "deze informatie komt via Switch uit de xml van drukwerkdeal."
}