{
    "Description": "F6786CG7DD",
    "ReferenceAtCustomer": "MG2AE5D6A5",
    "Delivery": "2023-12-20",
    "OrderQuantity": 100,
    "Quantity_per_roll": "",
    "UnitPrice": 33.71,
    "SupplierId": "Drukwerkdeal",
    "Name": "Hamers",
    "Street": "Johan Huizingalaan 193-195",
    "Country": "NL",
    "PostalCode": "1065 JA",
    "City": "Amsterdam",
    "Contacts": [
        {
            "LastName": "Hamers",
            "FirstName": "Isabelle",
            "Initials": "",
            "Title": "",
            "PhoneNumber": "+31622733740",
            "FaxNumber": "",
            "GSMNumber": "",
            "Email": "isabellehamers@hotmail.com",
            "Function": ""
        }
    ],
    "Width": "40,0",
    "Height": "40,0",
    "Shape": "Circle",
    "Winding": 2,
    "Radius": 0,
    "Premium_White": "N",
    "Substrate": "Adhesive Label Paper White Gloss",
    "Adhesive": "Permanent",
    "LineComment1": "deze informatie komt via Switch uit de xml van drukwerkdeal."
}