{
    "Description": "F16ECFE89C",
    "ReferenceAtCustomer": "MF7EFBC653",
    "Delivery": "2023-12-21",
    "OrderQuantity": 500,
    "Quantity_per_roll": "",
    "UnitPrice": 64.21,
    "SupplierId": "Drukwerkdeal",
    "Name": "Sinnaeve",
    "Street": "Snoekstraat 9",
    "Country": "BE",
    "PostalCode": "8820",
    "City": "Torhout",
    "Contacts": [
        {
            "LastName": "Sinnaeve",
            "FirstName": "Kris",
            "Initials": "",
            "Title": "",
            "PhoneNumber": "+32477676517",
            "FaxNumber": "",
            "GSMNumber": "",
            "Email": "kris.sinnaeve@telenet.be",
            "Function": ""
        }
    ],
    "Width": "105,0",
    "Height": "148,0",
    "Shape": "Rectangle",
    "Winding": 3,
    "Radius": 2,
    "Premium_White": "N",
    "Substrate": "Eco Adhesive Natureflex White Gloss",
    "Adhesive": "Permanent",
    "LineComment1": "deze informatie komt via Switch uit de xml van drukwerkdeal."
}