{
    "Description": "FE33366575",
    "ReferenceAtCustomer": "MF6G88ABF7",
    "Delivery": "2023-12-21",
    "OrderQuantity": 500,
    "Quantity_per_roll": "",
    "UnitPrice": 40.1,
    "SupplierId": "Drukwerkdeal",
    "Name": "wigman",
    "Street": "Nieuwe Kadijk 25",
    "Country": "NL",
    "PostalCode": "4816AP",
    "City": "BREDA",
    "Contacts": [
        {
            "LastName": "wigman",
            "FirstName": "kitty",
            "Initials": "",
            "Title": "",
            "PhoneNumber": "0762007663",
            "FaxNumber": "",
            "GSMNumber": "",
            "Email": "factuur@trumpibreda.nl",
            "Function": ""
        }
    ],
    "Width": "60,0",
    "Height": "60,0",
    "Shape": "Square",
    "Winding": 2,
    "Radius": 2,
    "Premium_White": "N",
    "Substrate": "Adhesive Label Paper White Gloss",
    "Adhesive": "Permanent",
    "LineComment1": "deze informatie komt via Switch uit de xml van drukwerkdeal."
}