{
    "Description": "F3FF82385B",
    "ReferenceAtCustomer": "ME8FGAA0AH",
    "Delivery": "2023-12-19",
    "OrderQuantity": 3000,
    "Quantity_per_roll": "",
    "UnitPrice": 64.32,
    "SupplierId": "Drukwerkdeal",
    "Name": "Riemer Toes",
    "Street": "Park Broekheurne 24",
    "Country": "NL",
    "PostalCode": "7544 NK",
    "City": "Enschede",
    "Contacts": [
        {
            "LastName": "Riemer Toes",
            "FirstName": "De heer",
            "Initials": "",
            "Title": "",
            "PhoneNumber": "+31639674110",
            "FaxNumber": "",
            "GSMNumber": "",
            "Email": "toesriemer@gmail.com",
            "Function": ""
        }
    ],
    "Width": "50,0",
    "Height": "50,0",
    "Shape": "Circle",
    "Winding": 2,
    "Radius": 0,
    "Premium_White": "N",
    "Substrate": "Adhesive Label Paper White Gloss",
    "Adhesive": "Permanent",
    "LineComment1": "deze informatie komt via Switch uit de xml van drukwerkdeal."
}