{
    "Description": "F93DAEDHC4",
    "ReferenceAtCustomer": "MB7GGGGBDC",
    "Delivery": "2023-12-22",
    "OrderQuantity": 250,
    "Quantity_per_roll": "",
    "UnitPrice": 35.23,
    "SupplierId": "Drukwerkdeal",
    "Name": "Lieven",
    "Street": "Bossinkkamp 14",
    "Country": "NL",
    "PostalCode": "7683SM",
    "City": "Den Ham",
    "Contacts": [
        {
            "LastName": "Lieven",
            "FirstName": "Carmen",
            "Initials": "",
            "Title": "",
            "PhoneNumber": "+31620825200",
            "FaxNumber": "",
            "GSMNumber": "",
            "Email": "designstudiocarmen@hotmail.com",
            "Function": ""
        }
    ],
    "Width": "45,0",
    "Height": "45,0",
    "Shape": "Circle",
    "Winding": 2,
    "Radius": 0,
    "Premium_White": "N",
    "Substrate": "Adhesive Label Paper White Gloss",
    "Adhesive": "Permanent",
    "LineComment1": "deze informatie komt via Switch uit de xml van drukwerkdeal."
}