{
    "Description": "FBHC47F65G",
    "ReferenceAtCustomer": "ME7D49CB5B",
    "Delivery": "2023-12-22",
    "OrderQuantity": 6000,
    "Quantity_per_roll": "",
    "UnitPrice": 109.48,
    "SupplierId": "Drukwerkdeal",
    "Name": "Rob Winkelaar",
    "Street": "Eekterweg 22-22a",
    "Country": "NL",
    "PostalCode": "8171 NX",
    "City": "Vaassen",
    "Contacts": [
        {
            "LastName": "Rob Winkelaar",
            "FirstName": "Veluwse Streekproducten",
            "Initials": "",
            "Title": "",
            "PhoneNumber": "+31610102581",
            "FaxNumber": "",
            "GSMNumber": "",
            "Email": "info@veluwsestreekproducten.nl",
            "Function": ""
        }
    ],
    "Width": "50,0",
    "Height": "50,0",
    "Shape": "Circle",
    "Winding": 2,
    "Radius": 0,
    "Premium_White": "N",
    "Substrate": "Adhesive Polyethylene (pe) White Matte",
    "Adhesive": "Permanent",
    "LineComment1": "deze informatie komt via Switch uit de xml van drukwerkdeal."
}