{
    "Description": "F07940C74F",
    "ReferenceAtCustomer": "MZDGC6E5GC",
    "Delivery": "2023-12-15",
    "OrderQuantity": 5000,
    "Quantity_per_roll": "",
    "UnitPrice": 169.1,
    "SupplierId": "Drukwerkdeal",
    "Name": "Bert de Lange",
    "Street": "Fortunaweg 32",
    "Country": "NL",
    "PostalCode": "3113AN",
    "City": "Schiedam",
    "Contacts": [
        {
            "LastName": "Bert de Lange",
            "FirstName": "DeliBert",
            "Initials": "",
            "Title": "",
            "PhoneNumber": "+31624630881",
            "FaxNumber": "",
            "GSMNumber": "",
            "Email": "info@destaatvancreatie.nl",
            "Function": ""
        }
    ],
    "Width": "95,0",
    "Height": "95,0",
    "Shape": "Circle",
    "Winding": 2,
    "Radius": 0,
    "Premium_White": "N",
    "Substrate": "Adhesive Label Paper White Gloss",
    "Adhesive": "Permanent",
    "LineComment1": "deze informatie komt via Switch uit de xml van drukwerkdeal."
}