{
    "Description": "F6492D2565",
    "ReferenceAtCustomer": "M162C34FEG",
    "Delivery": "2023-12-15",
    "OrderQuantity": 5000,
    "Quantity_per_roll": "",
    "UnitPrice": 122.83,
    "SupplierId": "Drukwerkdeal",
    "Name": "T. Hardeman",
    "Street": "Dijkstraat 115",
    "Country": "NL",
    "PostalCode": "3904 DB",
    "City": "VEENENDAAL",
    "Contacts": [
        {
            "LastName": "T. Hardeman",
            "FirstName": "Eekhoeve",
            "Initials": "",
            "Title": "",
            "PhoneNumber": "+31 88 88 55 222",
            "FaxNumber": "",
            "GSMNumber": "",
            "Email": "null",
            "Function": ""
        }
    ],
    "Width": "60,0",
    "Height": "60,0",
    "Shape": "Circle",
    "Winding": 2,
    "Radius": 0,
    "Premium_White": "N",
    "Substrate": "Paperwise Earth Pact Natural",
    "Adhesive": "Permanent",
    "LineComment1": "deze informatie komt via Switch uit de xml van drukwerkdeal."
}