{
    "Description": "F8EFFEH093",
    "ReferenceAtCustomer": "M0F8AE373A",
    "Delivery": "2023-12-22",
    "OrderQuantity": 10000,
    "Quantity_per_roll": "",
    "UnitPrice": 305.19,
    "SupplierId": "Drukwerkdeal",
    "Name": "Mouha",
    "Street": "Hamontstraat 23",
    "Country": "NL",
    "PostalCode": "1066LD",
    "City": "AMSTERDAM",
    "Contacts": [
        {
            "LastName": "Mouha",
            "FirstName": "Achraf",
            "Initials": "",
            "Title": "",
            "PhoneNumber": "0685302175",
            "FaxNumber": "",
            "GSMNumber": "",
            "Email": "info@amsterdamwholesale.nl",
            "Function": ""
        }
    ],
    "Width": "95,0",
    "Height": "95,0",
    "Shape": "Circle",
    "Winding": 2,
    "Radius": 0,
    "Premium_White": "N",
    "Substrate": "Adhesive Label Paper White Gloss",
    "Adhesive": "Permanent",
    "LineComment1": "deze informatie komt via Switch uit de xml van drukwerkdeal."
}