{
    "Description": "FH6CGFGHBA",
    "ReferenceAtCustomer": "M380017CCC",
    "Delivery": "2023-12-21",
    "OrderQuantity": 5000,
    "Quantity_per_roll": "",
    "UnitPrice": 79.28,
    "SupplierId": "Drukwerkdeal",
    "Name": "nellian kluvers",
    "Street": "Dorpsstraat 147",
    "Country": "NL",
    "PostalCode": "2761 al",
    "City": "Zevenhuizen",
    "Contacts": [
        {
            "LastName": "nellian kluvers",
            "FirstName": "wonderlijkeverleiding",
            "Initials": "",
            "Title": "",
            "PhoneNumber": "+31180638080",
            "FaxNumber": "",
            "GSMNumber": "",
            "Email": "wonderlijkeverleiding@gmail.com",
            "Function": ""
        }
    ],
    "Width": "60,0",
    "Height": "35,0",
    "Shape": "Rectangle",
    "Winding": 4,
    "Radius": 2,
    "Premium_White": "N",
    "Substrate": "Adhesive Label Paper White Gloss",
    "Adhesive": "Permanent",
    "LineComment1": "deze informatie komt via Switch uit de xml van drukwerkdeal."
}