{
    "Description": "F0BC0F1065",
    "ReferenceAtCustomer": "M556B1HC94",
    "Delivery": "2023-12-21",
    "OrderQuantity": 2000,
    "Quantity_per_roll": "",
    "UnitPrice": 68.93,
    "SupplierId": "Drukwerkdeal",
    "Name": "Vissers",
    "Street": "Westzeedijk 361",
    "Country": "NL",
    "PostalCode": "3015 AA",
    "City": "Rotterdam",
    "Contacts": [
        {
            "LastName": "Vissers",
            "FirstName": "Vincent",
            "Initials": "",
            "Title": "",
            "PhoneNumber": "+31 88 88 55 222",
            "FaxNumber": "",
            "GSMNumber": "",
            "Email": "null",
            "Function": ""
        }
    ],
    "Width": "60,0",
    "Height": "60,0",
    "Shape": "Circle",
    "Winding": 2,
    "Radius": 0,
    "Premium_White": "N",
    "Substrate": "Paperwise White",
    "Adhesive": "Permanent",
    "LineComment1": "deze informatie komt via Switch uit de xml van drukwerkdeal."
}