{
    "Description": "F5DEHBDF75",
    "ReferenceAtCustomer": "M22GBB3GC5",
    "Delivery": "2023-12-27",
    "OrderQuantity": 1000,
    "Quantity_per_roll": "",
    "UnitPrice": 41.93,
    "SupplierId": "Drukwerkdeal",
    "Name": "NUchelmans",
    "Street": "Domineesgang 14b",
    "Country": "NL",
    "PostalCode": "4871KA",
    "City": "Etten-Leur",
    "Contacts": [
        {
            "LastName": "NUchelmans",
            "FirstName": "Bram",
            "Initials": "",
            "Title": "",
            "PhoneNumber": "+31622102701",
            "FaxNumber": "",
            "GSMNumber": "",
            "Email": "administratie@hemelsebroodjes.nl",
            "Function": ""
        }
    ],
    "Width": "45,0",
    "Height": "45,0",
    "Shape": "Circle",
    "Winding": 2,
    "Radius": 0,
    "Premium_White": "N",
    "Substrate": "Adhesive Label Paper White Gloss",
    "Adhesive": "Permanent",
    "LineComment1": "deze informatie komt via Switch uit de xml van drukwerkdeal."
}