{
    "Description": "FGEB769CG0",
    "ReferenceAtCustomer": "M93720A188",
    "Delivery": "2023-12-21",
    "OrderQuantity": 5000,
    "Quantity_per_roll": "",
    "UnitPrice": 150.17,
    "SupplierId": "Drukwerkdeal",
    "Name": "Valkenburg",
    "Street": "Minervum 7384",
    "Country": "NL",
    "PostalCode": "4817ZH",
    "City": "Breda",
    "Contacts": [
        {
            "LastName": "Valkenburg",
            "FirstName": "Stijn",
            "Initials": "",
            "Title": "",
            "PhoneNumber": "0123456789",
            "FaxNumber": "",
            "GSMNumber": "",
            "Email": "info@ibdtrade.nl",
            "Function": ""
        }
    ],
    "Width": "74,0",
    "Height": "105,0",
    "Shape": "Rectangle",
    "Winding": 2,
    "Radius": 2,
    "Premium_White": "N",
    "Substrate": "Adhesive Label Paper White Gloss",
    "Adhesive": "Permanent",
    "LineComment1": "deze informatie komt via Switch uit de xml van drukwerkdeal."
}