{
    "Description": "FHG558A95D",
    "ReferenceAtCustomer": "ME2E5FCD5C",
    "Delivery": "2023-12-22",
    "OrderQuantity": 2000,
    "Quantity_per_roll": "",
    "UnitPrice": 47.11,
    "SupplierId": "Drukwerkdeal",
    "Name": "Tom ten Have",
    "Street": "Leidsevaart 4",
    "Country": "NL",
    "PostalCode": "2215RE",
    "City": "Voorhout",
    "Contacts": [
        {
            "LastName": "Tom ten Have",
            "FirstName": "Teylingen College KTS",
            "Initials": "",
            "Title": "",
            "PhoneNumber": "+31252461800",
            "FaxNumber": "",
            "GSMNumber": "",
            "Email": "vhj@teylingen-college.nl",
            "Function": ""
        }
    ],
    "Width": "40,0",
    "Height": "40,0",
    "Shape": "Circle",
    "Winding": 2,
    "Radius": 0,
    "Premium_White": "N",
    "Substrate": "Adhesive Label Paper White Gloss",
    "Adhesive": "Permanent",
    "LineComment1": "deze informatie komt via Switch uit de xml van drukwerkdeal."
}