{
    "Description": "FH2F3BB936",
    "ReferenceAtCustomer": "MBGG836BBE",
    "Delivery": "2023-12-20",
    "OrderQuantity": 500,
    "Quantity_per_roll": "",
    "UnitPrice": 85.02,
    "SupplierId": "Drukwerkdeal",
    "Name": "Boksman",
    "Street": "Grote Woerdlaan 28b",
    "Country": "NL",
    "PostalCode": "2671CL",
    "City": "Naaldwijk",
    "Contacts": [
        {
            "LastName": "Boksman",
            "FirstName": "E",
            "Initials": "",
            "Title": "",
            "PhoneNumber": "+31174624800",
            "FaxNumber": "",
            "GSMNumber": "",
            "Email": "estrella@boksmanbv.nl",
            "Function": ""
        }
    ],
    "Width": "210,0",
    "Height": "148,0",
    "Shape": "Rectangle",
    "Winding": 3,
    "Radius": 2,
    "Premium_White": "N",
    "Substrate": "Adhesive Label Paper Fluor Yellow",
    "Adhesive": "Permanent",
    "LineComment1": "deze informatie komt via Switch uit de xml van drukwerkdeal."
}