{
    "Description": "F4B950381C",
    "ReferenceAtCustomer": "MG52EF2B52",
    "Delivery": "2023-12-22",
    "OrderQuantity": 3000,
    "Quantity_per_roll": "",
    "UnitPrice": 83.11,
    "SupplierId": "Drukwerkdeal",
    "Name": "Bosma",
    "Street": "De Buorren 40-A",
    "Country": "NL",
    "PostalCode": "9289 HH",
    "City": "Drogeham",
    "Contacts": [
        {
            "LastName": "Bosma",
            "FirstName": "Marijke",
            "Initials": "",
            "Title": "",
            "PhoneNumber": "+31512571234",
            "FaxNumber": "",
            "GSMNumber": "",
            "Email": "m.bosma@vdmwoningen.nl",
            "Function": ""
        }
    ],
    "Width": "90,0",
    "Height": "50,0",
    "Shape": "Rectangle",
    "Winding": 2,
    "Radius": 2,
    "Premium_White": "N",
    "Substrate": "Adhesive Label Paper White Matt",
    "Adhesive": "Removable Adhesive Glue",
    "LineComment1": "deze informatie komt via Switch uit de xml van drukwerkdeal."
}