{
    "Description": "FG4319GBB0",
    "ReferenceAtCustomer": "MA742HA19A",
    "Delivery": "2023-12-19",
    "OrderQuantity": 1000,
    "Quantity_per_roll": "",
    "UnitPrice": 90.24,
    "SupplierId": "Drukwerkdeal",
    "Name": "van Rijnsoever",
    "Street": "Lange Kleiweg 6",
    "Country": "NL",
    "PostalCode": "2288 GK",
    "City": "Rijswijk",
    "Contacts": [
        {
            "LastName": "van Rijnsoever",
            "FirstName": "Samar",
            "Initials": "",
            "Title": "",
            "PhoneNumber": "+31158876002",
            "FaxNumber": "",
            "GSMNumber": "",
            "Email": "administratie@deburgemeesters.nl",
            "Function": ""
        }
    ],
    "Width": "100,0",
    "Height": "150,0",
    "Shape": "Rectangle",
    "Winding": 3,
    "Radius": 2,
    "Premium_White": "N",
    "Substrate": "Paperwise Earth Pact Natural",
    "Adhesive": "Permanent",
    "LineComment1": "deze informatie komt via Switch uit de xml van drukwerkdeal."
}