{
    "Description": "F441G7681A",
    "ReferenceAtCustomer": "MDC3E18232",
    "Delivery": "2023-12-20",
    "OrderQuantity": 10000,
    "Quantity_per_roll": "",
    "UnitPrice": 228.75,
    "SupplierId": "Drukwerkdeal",
    "Name": "Mieke Palm",
    "Street": "Rijksweg 20 a",
    "Country": "NL",
    "PostalCode": "6996AC",
    "City": "Drempt",
    "Contacts": [
        {
            "LastName": "Mieke Palm",
            "FirstName": "Coffee Fresh",
            "Initials": "",
            "Title": "",
            "PhoneNumber": "+31313483222",
            "FaxNumber": "",
            "GSMNumber": "",
            "Email": "m.palm@cf.nl",
            "Function": ""
        }
    ],
    "Width": "75,0",
    "Height": "75,0",
    "Shape": "Circle",
    "Winding": 2,
    "Radius": 0,
    "Premium_White": "N",
    "Substrate": "Adhesive Label Paper White Gloss",
    "Adhesive": "Permanent",
    "LineComment1": "deze informatie komt via Switch uit de xml van drukwerkdeal."
}