{
    "Description": "F5891CF314",
    "ReferenceAtCustomer": "MF33HF7AGF",
    "Delivery": "2023-12-27",
    "OrderQuantity": 250,
    "Quantity_per_roll": "",
    "UnitPrice": 35.31,
    "SupplierId": "Drukwerkdeal",
    "Name": "de Bruijn",
    "Street": "Koekoeklaan 2",
    "Country": "NL",
    "PostalCode": "1403EE",
    "City": "BUSSUM",
    "Contacts": [
        {
            "LastName": "de Bruijn",
            "FirstName": "Inge",
            "Initials": "",
            "Title": "",
            "PhoneNumber": "0641912357",
            "FaxNumber": "",
            "GSMNumber": "",
            "Email": "inge@triplepentertainment.nl",
            "Function": ""
        }
    ],
    "Width": "60,0",
    "Height": "35,0",
    "Shape": "Rectangle",
    "Winding": 2,
    "Radius": 2,
    "Premium_White": "N",
    "Substrate": "Adhesive Label Paper White Gloss",
    "Adhesive": "Permanent",
    "LineComment1": "deze informatie komt via Switch uit de xml van drukwerkdeal."
}