{
    "Description": "F8DD4A7A0B",
    "ReferenceAtCustomer": "M911FH2HBA",
    "Delivery": "2023-12-26",
    "OrderQuantity": 500,
    "Quantity_per_roll": "",
    "UnitPrice": 35.32,
    "SupplierId": "Drukwerkdeal",
    "Name": "Mieke Van Overbeke",
    "Street": "Witherendreef 1",
    "Country": "BE",
    "PostalCode": "3090",
    "City": "Overijse",
    "Contacts": [
        {
            "LastName": "Mieke Van Overbeke",
            "FirstName": "GC de Bosuil",
            "Initials": "",
            "Title": "",
            "PhoneNumber": "+3226573179",
            "FaxNumber": "",
            "GSMNumber": "",
            "Email": "info@debosuil.be",
            "Function": ""
        }
    ],
    "Width": "30,0",
    "Height": "30,0",
    "Shape": "Circle",
    "Winding": 2,
    "Radius": 0,
    "Premium_White": "N",
    "Substrate": "Adhesive Polyethylene (pe) White Gloss",
    "Adhesive": "Permanent",
    "LineComment1": "deze informatie komt via Switch uit de xml van drukwerkdeal."
}