{
    "Description": "F5F914A2GG",
    "ReferenceAtCustomer": "MH0FBE43F9",
    "Delivery": "2023-12-20",
    "OrderQuantity": 3000,
    "Quantity_per_roll": "",
    "UnitPrice": 62.87,
    "SupplierId": "Drukwerkdeal",
    "Name": "de Mol",
    "Street": "Hooghuisstraat 15",
    "Country": "NL",
    "PostalCode": "5611GS",
    "City": "Eindhoven",
    "Contacts": [
        {
            "LastName": "de Mol",
            "FirstName": "Hans",
            "Initials": "",
            "Title": "",
            "PhoneNumber": "+31681552487",
            "FaxNumber": "",
            "GSMNumber": "",
            "Email": "eindhoven@plein.com",
            "Function": ""
        }
    ],
    "Width": "74,0",
    "Height": "25,0",
    "Shape": "Rectangle",
    "Winding": 2,
    "Radius": 2,
    "Premium_White": "N",
    "Substrate": "Adhesive Polyethylene (pe) Clear Gloss",
    "Adhesive": "Permanent",
    "LineComment1": "deze informatie komt via Switch uit de xml van drukwerkdeal."
}