{
    "Description": "F1G19FCGHD",
    "ReferenceAtCustomer": "M4CC9490H3",
    "Delivery": "2023-12-22",
    "OrderQuantity": 1000,
    "Quantity_per_roll": "",
    "UnitPrice": 39.61,
    "SupplierId": "Drukwerkdeal",
    "Name": "Van Oosterwyck",
    "Street": "Nieuwstraat 91",
    "Country": "BE",
    "PostalCode": "3140",
    "City": "KEERBERGEN",
    "Contacts": [
        {
            "LastName": "Van Oosterwyck",
            "FirstName": "Martine",
            "Initials": "",
            "Title": "",
            "PhoneNumber": "0123456789",
            "FaxNumber": "",
            "GSMNumber": "",
            "Email": "dranken@van-oosterwyck.be",
            "Function": ""
        }
    ],
    "Width": "50,0",
    "Height": "30,0",
    "Shape": "Oval",
    "Winding": 2,
    "Radius": 0,
    "Premium_White": "N",
    "Substrate": "Adhesive Label Paper White Gloss",
    "Adhesive": "Permanent",
    "LineComment1": "deze informatie komt via Switch uit de xml van drukwerkdeal."
}