{
    "Description": "F85AC7H7D0",
    "ReferenceAtCustomer": "M6E2877EG9",
    "Delivery": "2023-12-20",
    "OrderQuantity": 500,
    "Quantity_per_roll": "",
    "UnitPrice": 37.46,
    "SupplierId": "Drukwerkdeal",
    "Name": "Bergmans",
    "Street": "Amerikalaan 80",
    "Country": "NL",
    "PostalCode": "6199AE",
    "City": "MAASTRICHT-AIRPORT",
    "Contacts": [
        {
            "LastName": "Bergmans",
            "FirstName": "Mirte",
            "Initials": "",
            "Title": "",
            "PhoneNumber": "0433659285",
            "FaxNumber": "",
            "GSMNumber": "",
            "Email": "m.bergmans@pragmatics.nl",
            "Function": ""
        }
    ],
    "Width": "45,0",
    "Height": "45,0",
    "Shape": "Circle",
    "Winding": 2,
    "Radius": 0,
    "Premium_White": "N",
    "Substrate": "Adhesive Label Paper White Matt",
    "Adhesive": "Removable Adhesive Glue",
    "LineComment1": "deze informatie komt via Switch uit de xml van drukwerkdeal."
}