{
    "Description": "F5E60E0G9D",
    "ReferenceAtCustomer": "M284A9DFA4",
    "Delivery": "2023-12-20",
    "OrderQuantity": 5000,
    "Quantity_per_roll": "",
    "UnitPrice": 77.63,
    "SupplierId": "Drukwerkdeal",
    "Name": "van den Berg",
    "Street": "Vismarkt 2",
    "Country": "NL",
    "PostalCode": "3511KR",
    "City": "Utrecht",
    "Contacts": [
        {
            "LastName": "van den Berg",
            "FirstName": "Daan",
            "Initials": "",
            "Title": "",
            "PhoneNumber": "+31611373793",
            "FaxNumber": "",
            "GSMNumber": "",
            "Email": "winkel@localsutrecht.nl",
            "Function": ""
        }
    ],
    "Width": "45,0",
    "Height": "45,0",
    "Shape": "Circle",
    "Winding": 2,
    "Radius": 0,
    "Premium_White": "N",
    "Substrate": "Adhesive Label Paper White Matt",
    "Adhesive": "Permanent",
    "LineComment1": "deze informatie komt via Switch uit de xml van drukwerkdeal."
}