{
    "Description": "F31C6F32E2",
    "ReferenceAtCustomer": "M7G43FC790",
    "Delivery": "2023-12-20",
    "OrderQuantity": 3000,
    "Quantity_per_roll": "",
    "UnitPrice": 75.6,
    "SupplierId": "Drukwerkdeal",
    "Name": "Willemsen",
    "Street": "Spectrumlaan 37",
    "Country": "NL",
    "PostalCode": "2665NM",
    "City": "Bleiswijk",
    "Contacts": [
        {
            "LastName": "Willemsen",
            "FirstName": "Bram",
            "Initials": "",
            "Title": "",
            "PhoneNumber": "0123456789",
            "FaxNumber": "",
            "GSMNumber": "",
            "Email": "bwillemsen@cartecworld.com",
            "Function": ""
        }
    ],
    "Width": "80,0",
    "Height": "45,0",
    "Shape": "Rectangle",
    "Winding": 2,
    "Radius": 2,
    "Premium_White": "N",
    "Substrate": "Adhesive Label Paper White Gloss",
    "Adhesive": "Permanent",
    "LineComment1": "deze informatie komt via Switch uit de xml van drukwerkdeal."
}